date,avg_consumption,total_consumption,mean_temp,max_temp,min_temp,is_holiday,is_semester,is_exam
1/1/2018,13.82464301,54952.95596,19.368125,27.3,14.7,1,0,0
1/2/2018,15.40938918,63178.49562,18.71173611,23.7,16.1,0,1,0
1/3/2018,15.40026368,63633.88952,17.52326389,23.4,13.5,0,1,0
1/4/2018,16.02791337,66419.673,18.49194444,26.7,10.7,0,1,0
1/5/2018,16.50404798,68178.22221,22.29805556,32.6,13.1,0,1,0
1/6/2018,14.63140859,58540.26575,27.97763889,42,16.4,0,1,0
1/7/2018,14.0124968,50515.05095,19.86298611,23.8,17.2,0,1,0
1/8/2018,16.54339467,67877.54833,19.33951389,24.3,16.1,0,1,0
1/9/2018,16.49128265,68141.97991,18.50326389,23.7,14.9,0,1,0
1/10/2018,16.86419816,69092.61986,19.63145833,27.5,11.8,0,1,0
1/11/2018,16.2146884,64729.03611,24.94930556,34.5,12.7,0,1,0
1/12/2018,17.17045403,69797.89564,23.97923611,29.9,17,0,1,0
1/13/2018,13.54917671,52787.59247,15.61888889,21.6,11.1,0,1,0
1/14/2018,13.63921328,55538.87649,15.42555556,20.4,10.9,0,1,0
1/15/2018,16.04890542,69828.78747,17.15180556,22.2,13.9,0,1,0
1/16/2018,17.13276812,75075.78988,18.84659722,27.2,10,0,1,0
1/17/2018,17.98216765,77557.08906,21.72951389,32.7,10.7,0,1,0
1/18/2018,18.56888757,75352.54576,27.83326389,38.5,14.1,0,1,0
1/19/2018,17.88738553,69492.4928,29.28916667,41.7,17.9,0,1,0
1/20/2018,15.40610762,64027.78326,22.46979167,28.1,19.1,0,1,0
1/21/2018,15.19744703,63327.76178,24.46534722,30.3,20.3,0,1,0
1/22/2018,17.37168316,71779.7948,22.45951389,28.6,18.2,0,1,0
1/23/2018,17.67680361,75250.15295,20.59868056,26.7,16.2,0,1,0
1/24/2018,17.49411265,75172.20205,19.65555556,26.6,12.9,0,1,0
1/25/2018,16.89790585,69501.08676,22.58381944,32.5,15.9,0,1,0
1/26/2018,17.0617514,72546.56695,23.88159722,32.6,20.5,1,0,0
1/27/2018,15.49939011,64353.46772,26.64506944,35.3,20.9,0,1,0
1/28/2018,16.39712547,66162.40126,30.53569444,38.1,21.6,0,1,0
1/29/2018,19.19938603,73034.46445,27.680625,34.7,18.8,0,1,0
1/30/2018,16.9393185,72889.8875,17.00944444,21.1,14.2,0,1,0
1/31/2018,17.108808,74354.87955,15.81659722,20.2,12.3,0,1,0
2/1/2018,17.09750149,74459.61899,16.40708333,23.9,9.2,0,1,0
2/2/2018,17.3470744,74661.80822,18.30263889,24.6,11.5,0,1,0
2/3/2018,14.58236835,61683.41812,20.88270833,29.1,12.8,0,1,0
2/4/2018,14.6683472,62604.50586,20.94291667,29.6,12.9,0,1,0
2/5/2018,17.70989086,76595.27796,20.89201389,29.9,15.9,0,1,0
2/6/2018,18.7433021,78571.9224,23.64895833,32.3,16.1,0,1,0
2/7/2018,18.33244565,71918.18429,27.37458333,38.1,16.8,0,1,0
2/8/2018,19.29883675,79183.12719,24.23395833,30.4,19.2,0,1,0
2/9/2018,19.12751063,82018.76557,22.54569444,28.7,19.9,0,1,0
2/10/2018,16.38168564,70949.08051,22.61701389,29.2,16.6,0,0,0
2/11/2018,15.14672101,64328.12412,18.2125,23.4,14.2,0,0,0
2/12/2018,18.05310863,78729.60674,18.77354167,24.1,15.5,0,0,0
2/13/2018,18.19378925,79015.6267,20.63979167,29.9,10.6,0,0,0
2/14/2018,18.66818556,81617.30727,21.17791667,24.5,15.6,0,0,0
2/15/2018,18.29025321,76581.29018,18.03951389,24.3,10,0,0,0
2/16/2018,17.64117952,75839.43076,18.48597222,23.8,14.4,0,0,0
2/17/2018,15.1623969,65334.76824,18.39944444,28.5,9.4,0,0,0
2/18/2018,15.24394511,64969.69407,19.09548611,28.4,11.6,0,0,0
2/19/2018,18.28844796,78676.90311,20.45243056,27.1,16.7,1,0,0
2/20/2018,18.3976864,78521.32556,20.84340278,30.6,12.4,0,0,1
2/21/2018,18.54590283,80637.58552,21.97527778,29,14.3,0,0,1
2/22/2018,18.67659086,78348.29867,24.30319444,31.6,18.6,0,0,1
2/23/2018,18.86021349,79099.73537,26.17694444,34,20.1,0,0,1
2/24/2018,15.90636415,69065.43313,24.55375,31.7,17,0,0,0
2/25/2018,14.52672556,61941.95777,17.11013889,21.4,14.8,0,0,0
2/26/2018,18.29701631,78951.62539,19.76895833,28.4,11.7,0,0,0
2/27/2018,18.84906047,79015.26147,22.61854167,31.3,12,0,0,0
2/28/2018,18.39280018,75907.08635,23.66486111,32.7,16.3,0,0,0
3/1/2018,17.97230563,71781.38867,17.43618056,22.1,14.8,0,0,0
3/2/2018,18.50330866,80248.84966,18.75076389,25.5,13.4,0,0,0
3/3/2018,15.72634549,67481.74848,20.42104167,34,11.8,0,0,0
3/4/2018,14.76976148,64396.16005,17.76305556,23.2,14.4,0,0,0
3/5/2018,18.2316,79234.53361,16.41284722,21.7,12,0,1,0
3/6/2018,18.55660143,80071.73516,18.59229167,28.2,11.2,0,1,0
3/7/2018,18.85196347,79423.3221,21.135625,31.2,11.9,0,1,0
3/8/2018,18.60323722,76998.79887,22.018125,31.8,11.5,0,1,0
3/9/2018,18.93060161,79527.45736,22.19027778,32.4,11.4,0,1,0
3/10/2018,16.61286533,70671.12911,23.89152778,35.4,11.3,0,1,0
3/11/2018,15.91742294,67935.5611,19.955,25.3,15.2,0,1,0
3/12/2018,18.25126072,78936.70261,17.30291667,21.1,15.7,0,1,0
3/13/2018,18.30202004,79028.12253,17.12472222,22.3,13.7,0,1,0
3/14/2018,18.55701424,79906.50332,16.55763889,23.4,11,0,1,0
3/15/2018,18.43655748,79424.68962,16.82666667,22.3,13.5,0,1,0
3/16/2018,18.24174213,78348.28243,17.55826389,28.2,9,0,1,0
3/17/2018,16.27163789,70472.4637,25.92625,31.7,19.3,0,1,0
3/18/2018,15.80926137,68232.77206,23.03006944,30.4,15.2,0,1,0
3/19/2018,18.51853261,79463.02342,19.21888889,28.5,12.8,0,1,0
3/20/2018,18.49448602,79230.37809,15.88027778,18.5,13.5,0,1,0
3/21/2018,18.32063071,78393.97881,17.29548611,26.6,9.1,0,1,0
3/22/2018,18.1959926,78552.10007,19.17506944,28.8,10,0,1,0
3/23/2018,18.07503802,77614.21325,21.83555556,29.8,14,0,1,0
3/24/2018,15.08500792,66313.69482,20.35819444,24.1,17.4,0,1,0
3/25/2018,14.14871359,62013.81165,20.65791667,26.1,10.9,0,1,0
3/26/2018,17.26305594,75249.66085,13.39166667,18.5,9.7,0,1,0
3/27/2018,17.78740278,77570.86354,14.91701389,21.9,7.2,0,1,0
3/28/2018,17.59888633,73844.92702,21.9675,30.9,16.8,0,1,0
3/29/2018,18.15116266,78013.69711,17.976875,23.5,14.3,0,1,0
3/30/2018,15.3672945,66709.42541,16.13902778,23.8,10.1,1,0,0
3/31/2018,14.09204076,60807.1559,17.04409722,24.8,11.6,1,0,0
4/1/2018,13.9914105,60750.70439,18.31118056,27.8,10.6,1,0,0
4/2/2018,14.79843244,64106.80934,16.928125,21.5,13.9,1,0,0
4/3/2018,15.2921894,65817.58319,15.77618056,21.7,11.5,1,0,0
4/4/2018,17.02741346,74239.5227,16.14180556,24.5,11.1,0,1,0
4/5/2018,17.07246268,74948.11115,15.09916667,20.1,12.4,0,1,0
4/6/2018,16.90299276,74288.65317,16.21090278,22.2,11.9,0,1,0
4/7/2018,14.45527948,62967.1974,14.75215278,23.5,6.8,0,1,0
4/8/2018,14.69355573,63990.43521,19.43013889,30.2,8.5,0,1,0
4/9/2018,17.43887345,75231.30005,19.09638889,25.1,13.6,0,1,0
4/10/2018,18.2503243,77728.13118,22.76020833,30.2,13.5,0,1,0
4/11/2018,17.96984883,75365.54598,19.47243056,25.1,15.1,0,1,0
4/12/2018,18.35605147,78196.77925,22.31909722,29.4,14.4,0,1,0
4/13/2018,17.55561937,76226.4993,18.69659722,26.1,9.3,0,1,0
4/14/2018,14.28788272,62623.78997,13.4625,18.4,9.2,0,1,0
4/15/2018,14.24166231,62022.43938,14.67555556,18.3,11.2,0,1,0
4/16/2018,17.96799192,77765.46904,16.48381944,21.8,13,0,1,0
4/17/2018,17.83316877,76914.4569,13.33173611,17.5,7.9,0,1,0
4/18/2018,17.90440735,77114.28246,12.45173611,24.4,2.9,0,1,0
4/19/2018,17.96354639,78123.46327,15.00944444,23.3,9.4,0,1,0
4/20/2018,17.86862566,78496.87252,13.66791667,22.7,5.8,0,1,0
4/21/2018,14.92921949,65464.62748,14.91527778,24.8,9.6,0,1,0
4/22/2018,14.81918384,64804.29095,14.84118056,23.7,8.8,0,1,0
4/23/2018,18.28465516,79007.99495,18.18805556,28.6,10.8,0,1,0
4/24/2018,18.23722282,78730.09092,21.38875,25.7,16.4,0,1,0
4/25/2018,15.89957315,69465.23509,16.70645833,21.4,13.1,1,0,0
4/26/2018,18.09353387,78326.90812,13.78666667,18.4,8.5,0,1,0
4/27/2018,18.0459948,79131.68719,13.24826389,18.5,9.4,0,1,0
4/28/2018,14.56133692,63967.95308,12.504375,20.3,5.9,0,1,0
4/29/2018,14.55948796,63755.99778,14.19569444,19,9,0,1,0
4/30/2018,18.01242507,78209.94965,11.76652778,21.2,5.7,0,1,0
5/1/2018,18.22932543,78659.53921,13.6,23.9,3.8,0,1,0
5/2/2018,18.25568594,78134.33583,17.23236111,22.9,10.6,0,1,0
5/3/2018,18.25537414,78936.2378,19.19083333,26.4,12.8,0,1,0
5/4/2018,18.00798323,78946.99846,13.26659722,16.6,10.8,0,1,0
5/5/2018,14.66224394,64367.25089,15.01784722,21.3,11.3,0,1,0
5/6/2018,14.75538653,64525.3053,14.21958333,22,7.3,0,1,0
5/7/2018,18.17419257,78948.69254,15.20729167,19.6,8.6,0,1,0
5/8/2018,18.74824765,79586.31127,14.19479167,19,8.4,0,1,0
5/9/2018,18.82025056,79722.58138,12.40652778,18.7,4.6,0,1,0
5/10/2018,18.66900996,79436.63738,8.976666667,12.8,6.2,0,1,0
5/11/2018,18.2301671,77496.44035,10.98291667,14,6.3,0,1,0
5/12/2018,14.57915669,62865.32363,13.396875,16.2,11.4,0,1,0
5/13/2018,14.35997429,61345.81017,13.47298611,17.2,10,0,1,0
5/14/2018,18.24606118,76724.68726,9.582777778,16,5.8,0,1,0
5/15/2018,18.79671353,79021.38369,10.59944444,14.2,7.8,0,1,0
5/16/2018,19.0272964,80257.13623,10.10409722,14.7,6,0,1,0
5/17/2018,18.98312537,80583.36721,12.26243056,15.1,10.4,0,1,0
5/18/2018,18.57359396,79216.37822,12.60013889,17.1,9.2,0,1,0
5/19/2018,15.22949366,65456.36374,11.45486111,14.8,8.1,0,1,0
5/20/2018,15.1126604,64954.2144,13.51986111,15.5,11.6,0,1,0
5/21/2018,18.90301764,79657.31634,12.72666667,14.3,11.2,0,1,0
5/22/2018,19.07252751,80371.63093,14.16520833,16.1,12.2,0,1,0
5/23/2018,18.96867185,79896.04584,12.83833333,14.9,11.2,0,1,0
5/24/2018,18.90939519,80837.66443,12.820625,15.6,10.5,0,1,0
5/25/2018,18.25809535,77998.58334,11.29090278,15.5,6.5,0,1,0
5/26/2018,15.01505936,64279.4691,10.17208333,20.4,3.7,0,1,0
5/27/2018,14.91252781,63587.0186,14.46298611,20.1,7.5,0,1,0
5/28/2018,18.74470012,79571.25202,17.13708333,20.2,15.1,0,1,0
5/29/2018,18.5377637,79211.86429,13.625625,18,8.4,0,1,0
5/30/2018,18.20553206,77318.89466,10.35319444,15.1,5.4,0,1,0
5/31/2018,18.48654452,79362.73561,10.04229167,14.7,5.2,0,1,0
6/1/2018,18.26315006,77618.38777,6.954652778,14.5,1.1,0,1,0
6/2/2018,14.78088596,63395.21989,7.165694444,14.7,0.6,0,0,0
6/3/2018,14.85682793,63646.65086,7.438055556,12,2.2,0,0,0
6/4/2018,18.22232315,77353.76176,8.725486111,14.9,4.3,1,0,0
6/5/2018,18.14663385,77268.36693,10.41652778,16.7,7,1,0,0
6/6/2018,18.22037074,77527.67748,10.04034722,18.6,3.2,1,0,0
6/7/2018,18.49604798,79366.5419,15.10888889,17.6,10.5,1,0,0
6/8/2018,18.35669834,78842.01935,12.96020833,17.6,10.8,0,0,1
6/9/2018,15.0308667,64302.04776,11.14770833,16.2,6.6,0,0,1
6/10/2018,14.79776465,63304.83717,7.737847222,17,2.8,0,0,1
6/11/2018,15.9515701,68575.79986,10.57736111,16.2,3.8,1,0,0
6/12/2018,18.48037052,78707.89805,12.7025,15.8,10.6,0,0,1
6/13/2018,18.7389276,79602.96443,10.78715278,13,8.7,0,0,1
6/14/2018,18.65291121,79125.64936,10.91222222,13.5,8.2,0,0,1
6/15/2018,18.31810457,78199.98839,10.35465278,13.4,6.9,0,0,1
6/16/2018,14.9531986,64538.00516,8.730972222,12.4,6.2,0,0,1
6/17/2018,14.88128852,63855.60906,9.713333333,12.7,7.2,0,0,1
6/18/2018,18.63092193,79051.00175,9.368125,12.6,3.7,0,0,1
6/19/2018,18.80637721,78309.75469,5.412986111,13.5,-0.1,0,0,1
6/20/2018,18.8705862,78784.69737,7.327152778,14.7,1.7,0,0,1
6/21/2018,18.66489188,79139.14159,7.50875,15.6,0.8,0,0,1
6/22/2018,18.48120038,78046.10922,7.601736111,14.7,1.6,0,0,1
6/23/2018,15.14954273,65385.42641,8.462916667,11.5,4.8,0,0,1
6/24/2018,14.86416689,63960.51012,9.476180556,12.2,7.6,0,0,1
6/25/2018,18.48274239,78459.24144,9.433402778,12,7.1,0,0,1
6/26/2018,18.32676122,79208.26198,8.812083333,13.8,5,0,0,1
6/27/2018,18.36981769,78714.66879,6.447638889,11.3,2.8,0,0,1
6/28/2018,18.33752113,78521.26546,6.727916667,9.2,4.4,0,0,1
6/29/2018,18.0377328,78860.96782,9.622916667,12,5.2,0,0,0
6/30/2018,14.58459792,64084.72325,10.09902778,13.5,7.7,0,0,0
7/1/2018,14.25817083,62436.53006,7.063541667,14.5,0.9,0,0,0
7/2/2018,17.98026201,77297.14639,6.148680556,14.1,-0.3,0,0,0
7/3/2018,18.16322583,78955.54268,11.47326389,15.5,5.5,0,0,0
7/4/2018,18.12818629,79256.43046,14.26458333,17.4,11.8,0,0,0
7/5/2018,18.07261707,79483.36987,16.47465278,19.3,13.6,0,0,0
7/6/2018,17.82445567,78552.37613,12.78527778,17.3,9.4,0,0,0
7/7/2018,14.73371813,64857.82723,10.15347222,12.5,8.5,0,0,0
7/8/2018,14.36118314,63103.0387,10.85701389,13.7,9.1,0,0,0
7/9/2018,17.81423929,77776.96873,10.45909722,13.8,9,0,0,0
7/10/2018,18.09913941,78568.3642,9.222361111,11.8,7.8,0,0,0
7/11/2018,18.04586972,77885.97369,8.33875,11.3,5.7,0,0,0
7/12/2018,18.08196603,78222.58506,6.592430556,11.1,1.4,0,0,0
7/13/2018,17.85421795,77915.80715,7.817013889,13.7,5.2,0,0,0
7/14/2018,14.72019926,63473.49923,7.496388889,14.8,1.8,0,0,0
7/15/2018,14.44297977,61353.77806,9.30375,13.6,4.8,0,0,0
7/16/2018,18.05545253,77132.89321,10.24534722,12.7,8.1,1,0,0
7/17/2018,18.06634241,78769.25292,11.87,17,7.7,0,0,1
7/18/2018,17.99679199,78214.05798,10.21256944,14.1,5.8,0,0,1
7/19/2018,17.98753125,78011.92303,11.48756944,16.7,6.6,0,0,1
7/20/2018,17.73724334,76660.36571,8.333194444,11.7,5.4,0,0,1
7/21/2018,14.84136534,65302.00749,8.274930556,12.9,3.6,0,0,0
7/22/2018,14.64393108,64374.72104,10.35895833,14.4,7.8,0,0,0
7/23/2018,18.02962315,77725.70541,10.43743056,13.9,7.6,0,0,0
7/24/2018,17.89776369,77694.19218,11.11333333,15.2,8.4,0,0,0
7/25/2018,18.16387557,79212.66136,11.05979167,15.4,7.9,0,0,0
7/26/2018,18.30267005,79763.03608,10.06555556,14,6,0,0,0
7/27/2018,18.02020053,79234.82173,11.95222222,18.1,6.1,0,0,0
7/28/2018,14.87183217,65436.06154,13.71923611,17.9,8.3,0,0,0
7/29/2018,14.51297723,63653.91812,11.45756944,14.3,8.5,0,0,0
7/30/2018,18.7319924,79910.67958,9.650138889,12.1,7.2,0,0,1
7/31/2018,18.92282611,81822.30009,11.39076389,15.1,8.4,0,0,1
8/1/2018,19.04209742,82699.8291,10.231875,15.2,5.2,0,0,1
8/2/2018,18.91596555,81660.22326,9.309861111,15.2,2,0,0,1
8/3/2018,18.40004902,80684.21495,12.90604167,18.7,9.3,0,0,1
8/4/2018,15.15543457,66668.75669,11.20819444,14.7,7.6,0,0,0
8/5/2018,15.72771063,68793.00631,14.32159722,17.6,10.6,0,0,0
8/6/2018,18.83067305,81160.20086,10.30402778,16.6,7.4,0,0,0
8/7/2018,19.15788332,81076.16221,10.31888889,14.6,6.3,0,0,0
8/8/2018,19.04721997,81826.85697,10.52569444,15.2,7,0,0,0
8/9/2018,19.00180664,79446.55358,8.496597222,12.4,2.7,0,0,0
8/10/2018,18.88260449,81025.25586,15.79201389,19.1,10.7,0,0,0
8/11/2018,15.1249901,64840.83254,9.851111111,18.2,6.4,0,0,0
8/12/2018,15.02150844,64442.2712,8.990833333,14.2,3.2,0,0,0
8/13/2018,19.0074394,81617.94477,12.04208333,15.2,10.2,0,0,0
8/14/2018,18.70273908,80608.80542,12.66881944,16,9.3,0,0,0
8/15/2018,18.72108249,81717.52508,13.35777778,18.6,9.2,0,0,0
8/16/2018,18.66063396,81173.75772,9.74125,14.7,5.2,0,0,0
8/17/2018,18.24948804,80224.74942,10.35847222,15.6,4.5,0,0,0
8/18/2018,14.83794469,64945.68389,9.431527778,14.7,6.4,0,0,0
8/19/2018,14.41208966,63110.54064,7.534097222,11.7,5.5,0,0,0
8/20/2018,18.28448623,77306.80776,7.984513889,12.3,4.6,0,0,0
8/21/2018,18.68119118,79339.01896,9.458958333,11.9,7.6,0,0,0
8/22/2018,18.83887221,80912.95613,9.636666667,13.1,6.7,0,0,0
8/23/2018,18.80320494,81098.22289,8.829375,15.5,2.7,0,0,0
8/24/2018,18.52738998,81094.38593,8.582430556,16.6,1.9,0,0,0
8/25/2018,15.174106,66508.10661,8.255694444,16.8,1,0,0,0
8/26/2018,14.81043892,64810.48073,8.056527778,14.7,2.5,0,0,0
8/27/2018,18.53145505,79833.50835,7.668888889,12.3,2.9,0,0,0
8/28/2018,18.73823372,78157.17283,5.170625,11.5,-1.6,0,0,0
8/29/2018,18.55017549,77984.93778,5.56375,14.1,-2.6,0,0,0
8/30/2018,18.52814919,77873.81104,7.369027778,13.8,1.6,0,0,0
8/31/2018,18.63619261,81141.98263,12.85361111,16.2,9.7,0,0,0
9/1/2018,15.00025974,65866.14054,10.01048611,13.8,6.4,0,0,0
9/2/2018,14.55823939,63590.38966,7.118194444,11.8,1.8,0,0,0
9/3/2018,18.5489748,78721.84905,7.800833333,14.7,1.1,0,0,0
9/4/2018,19.14047612,81844.67587,9.770277778,19.4,0.5,0,0,0
9/5/2018,19.0906067,82433.23974,13.37,19.1,5.7,0,0,0
9/6/2018,18.77267285,81266.90076,15.24451389,19.5,10.4,0,0,0
9/7/2018,18.46565136,80805.69035,10.58486111,15,6.1,0,0,0
9/8/2018,15.52349943,67760.07501,9.721805556,16.8,1.2,0,0,0
9/9/2018,15.17992937,66563.99028,14.3075,18,11.5,0,0,0
9/10/2018,18.91421852,82314.679,13.79861111,17.5,9,0,0,0
9/11/2018,19.16466021,83347.10724,15.99805556,23.1,5.6,0,0,0
9/12/2018,18.73473201,82282.94298,13.714375,20.2,7.8,0,0,0
9/13/2018,18.43634167,81378.01211,11.86,18.8,3.1,0,0,0
9/14/2018,18.26321359,81910.51294,15.50194444,21.7,5.9,0,0,0
9/15/2018,14.61915572,65537.67511,11.37465278,19.1,4.5,0,0,0
9/16/2018,14.58557045,64891.20295,8.515138889,13.8,3.7,0,0,0
9/17/2018,18.46439878,81963.4662,11.41173611,17.6,3.2,0,0,0
9/18/2018,18.68200645,82723.92457,14.399375,20.3,9.4,0,0,0
9/19/2018,18.54810859,82242.31349,9.802430556,14.8,4.2,0,0,0
9/20/2018,18.43697525,82431.71634,9.464930556,18.1,0.7,0,0,0
9/21/2018,17.95326793,80753.79916,11.87701389,19.4,5.4,0,0,0
9/22/2018,14.55217421,64626.20568,11.79722222,19.9,3.7,0,0,0
9/23/2018,14.194513,63690.77984,10.62458333,13.5,7,0,0,0
9/24/2018,17.58220293,79084.74879,9.858125,16.5,2.6,1,0,0
9/25/2018,17.87992949,80370.28305,9.134097222,14.2,4.5,1,0,0
9/26/2018,17.89072511,80329.35574,10.68340278,19.6,1.4,1,0,0
9/27/2018,17.76449736,79602.71266,15.12708333,24.3,6.5,1,0,0
9/28/2018,15.76276962,70475.34298,10.77541667,15.2,6.9,1,0,0
9/29/2018,14.62345184,65030.49032,8.904236111,14.8,3.7,0,0,0
9/30/2018,14.51249871,64479.03177,10.37180556,17.1,4,0,0,0
10/1/2018,18.19166608,80570.88909,12.97854167,23.3,2,0,0,0
10/2/2018,18.49126243,82452.53919,17.58138889,25.4,10.2,0,0,0
10/3/2018,18.51311862,82698.10087,16.09208333,23,10.4,0,0,0
10/4/2018,18.53346176,82677.77293,12.04,14.7,9.9,0,0,0
10/5/2018,18.17898615,81587.28984,13.34159722,21.1,5.3,0,0,0
10/6/2018,14.98399615,66708.75087,15.63680556,24.5,6,0,0,0
10/7/2018,14.61020495,59711.90764,17.31471014,25.9,7.3,0,0,0
10/8/2018,18.9029145,83947.84331,19.08465278,28.7,10.6,0,0,0
10/9/2018,18.82052913,83073.81558,14.75388889,17.6,10.3,0,0,0
10/10/2018,18.59110194,82656.03924,12.01166667,16.3,8.6,0,0,0
10/11/2018,18.79300581,83422.15279,12.07840278,21.1,2.8,0,0,0
10/12/2018,18.29240551,82041.43871,14.65034722,23,5.8,0,0,0
10/13/2018,14.99146136,66771.96889,16.49222222,24.6,6.5,0,0,0
10/14/2018,14.80942598,62836.39444,19.69618056,26.8,11.5,0,0,0
10/15/2018,19.19177792,84770.08307,23.11722222,27.6,18.4,0,0,0
10/16/2018,19.23973436,84866.46828,20.42388889,25.6,15.5,0,0,0
10/17/2018,19.13723466,83897.63676,17.81361111,22.3,15,0,0,0
10/18/2018,19.12301392,84466.35248,16.66118056,19.6,14.1,0,0,0
10/19/2018,18.99066642,85021.21354,20.39277778,27.5,10.5,0,0,0
10/20/2018,14.20891186,63911.68553,13.92791667,24.3,9.7,0,0,0
10/21/2018,13.70619644,61211.87332,12.68784722,19.3,5,0,0,0
10/22/2018,18.29966254,81799.49157,17.48944444,26.6,6.1,0,0,0
10/23/2018,18.4739162,82264.34886,14.290625,20,10.3,0,0,0
10/24/2018,17.9560148,80407.03426,12.28027778,18.3,8.3,0,0,0
10/25/2018,17.97862398,80957.74378,12.74840278,23,4.9,0,0,0
10/26/2018,17.69183189,79542.47617,13.33222222,20.2,7.9,0,0,0
10/27/2018,14.45955495,64807.72528,13.84541667,20.6,9.6,0,0,0
10/28/2018,14.14781297,63042.65459,12.21944444,18.9,6.6,0,0,0
10/29/2018,17.6841121,79454.71565,12.85625,20.1,7.5,1,0,0
10/30/2018,17.87379078,79591.99034,16.16798611,27.5,5.5,1,0,0
10/31/2018,18.22136721,82014.37381,16.62048611,22.5,11.7,1,0,0
11/1/2018,18.78472556,83084.84115,23.05798611,34.1,11.7,1,0,0
11/2/2018,18.85681539,80311.17675,24.49701389,27.3,23.1,0,0,1
11/3/2018,14.55676136,64879.48538,19.07791667,23.4,12.7,0,0,1
11/4/2018,14.64766948,65372.5489,16.36638889,25.5,8.2,0,0,1
11/5/2018,18.33546558,81812.84743,20.32472222,28.8,13.7,0,0,1
11/6/2018,17.995043,80995.68854,16.87208333,21.7,14.3,0,0,1
11/7/2018,17.34080097,77981.58198,11.85930556,17.2,8.1,0,0,1
11/8/2018,17.56646722,78381.57675,11.56701389,18.2,5.5,0,0,1
11/9/2018,17.45623904,77785.00115,12.55972222,21.3,5.6,0,0,1
11/10/2018,14.47575801,63215.63524,14.14604167,21.3,6.6,0,0,1
11/11/2018,13.80551354,60854.70368,15.20430556,22.3,7.2,0,0,1
11/12/2018,17.91127937,79920.12854,20.11847222,29.7,8.3,0,0,1
11/13/2018,18.39241771,81312.87869,22.93826389,29.8,17.5,0,0,1
11/14/2018,17.74325365,79951.10096,15.70694444,17.5,13.4,0,0,1
11/15/2018,17.47102791,78200.32091,14.72625,19.1,11.1,0,0,1
11/16/2018,17.45968581,76595.64167,13.61590278,20.5,6.1,0,0,1
11/17/2018,14.0460457,62406.58105,14.33631944,21.4,7.1,0,0,1
11/18/2018,14.13924109,62071.26837,18.28576389,28,7.6,0,0,1
11/19/2018,18.001703,79909.55963,22.75625,31.2,11.9,0,0,1
11/20/2018,18.43234652,82023.942,22.68847222,27.1,16.7,0,0,1
11/21/2018,17.56871163,79024.06489,15.88013889,22.9,10.3,0,0,1
11/22/2018,17.19342327,77164.08365,11.92458333,16.8,8.6,0,0,1
11/23/2018,17.01251111,76726.4251,11.55520833,13.4,9.8,0,0,0
11/24/2018,14.14699002,63336.07433,13.65638889,17.6,11.3,0,0,0
11/25/2018,13.41077307,59905.9233,14.86944444,20,11.7,0,0,0
11/26/2018,16.70913039,75909.57937,14.62354167,21,10.2,0,0,0
11/27/2018,17.26205997,77575.69749,16.57368056,23.1,12.8,0,0,0
11/28/2018,17.42022811,78251.66466,17.40305556,22.8,13.3,0,0,0
11/29/2018,17.40858181,78425.66107,16.00645833,20.8,12.7,0,0,0
11/30/2018,17.10950246,76787.44703,17.11743056,22.8,13,0,0,0
12/1/2018,14.63468292,64304.79676,20.37305556,29.5,7.7,0,0,0
12/2/2018,13.50559659,59573.18655,15.76916667,21.1,11.6,0,0,0
12/3/2018,16.92586273,75777.08744,16.93784722,23.9,12.4,0,0,0
12/4/2018,17.20056646,77333.74679,16.53388889,21.9,13.1,0,0,0
12/5/2018,17.72246164,78971.28909,19.52541667,27.7,11.4,0,0,0
12/6/2018,18.51821885,78943.16695,25.29173611,34.9,12.9,0,0,0
12/7/2018,19.57865204,78295.02951,31.77694444,37.5,26.8,0,0,0
12/8/2018,15.99452663,71079.67633,23.06604167,29.7,17.4,0,0,0
12/9/2018,14.28512669,63654.52455,17.87388889,21.2,15.5,0,0,0
12/10/2018,17.91386409,80200.36953,18.30986111,23.2,14,0,0,0
12/11/2018,17.99679239,80643.6267,18.92625,27.7,11.7,0,0,0
12/12/2018,18.34451228,78331.06742,23.90902778,34,14.5,0,0,0
12/13/2018,17.85039326,80183.96653,18.39868056,20.3,15.6,0,0,0
12/14/2018,17.34529863,77828.35497,17.89902778,23.1,15.2,0,0,0
12/15/2018,14.6703859,65063.16145,19.52722222,24.2,16.6,0,0,0
12/16/2018,13.93262085,61777.24083,18.06458333,23,14.5,0,0,0
12/17/2018,17.47259185,78539.30036,17.89479167,23,13.4,1,0,0
12/18/2018,17.90544939,80270.12961,18.36847222,23.8,15.5,1,0,0
12/19/2018,18.05872933,80596.10901,20.93909722,28,16.8,1,0,0
12/20/2018,17.68294375,79201.90507,18.36486111,22.2,15.9,1,0,0
12/21/2018,16.1836819,72923.67062,16.80166667,22.5,13.5,1,0,0
12/22/2018,13.55165694,60481.04493,15.86347222,20.3,12.7,0,0,0
12/23/2018,13.6043051,60267.0716,18.280625,27.9,8.3,0,0,0
12/24/2018,15.56229093,68956.51111,24.13201389,33.9,12.5,1,0,0
12/25/2018,14.9225297,66554.48245,21.24222222,29,13.8,1,0,0
12/26/2018,14.74139281,65731.87055,20.31875,27.9,12.8,1,0,0
12/27/2018,14.40082063,61909.1279,27.46458333,40.8,14.1,1,0,0
12/28/2018,15.49025831,67738.8996,28.04465278,36.3,20.9,1,0,0
12/29/2018,13.76492154,61556.72912,21.43076389,25,18.1,0,0,0
12/30/2018,13.01863343,57568.39704,18.93152778,22.5,17.4,0,0,0
12/31/2018,14.32961969,63680.8299,20.63993056,27.4,16.5,0,0,0
1/1/2019,14.31448105,62683.11252,20.73291667,29.1,14.1,1,0,0
1/2/2019,16.41773127,71499.21968,20.02402778,26,16.4,0,0,0
1/3/2019,17.22427146,74908.3566,21.63701389,31.4,14.6,0,0,0
1/4/2019,16.36983126,69129.79742,25.69069444,44,16.2,0,0,1
1/5/2019,13.6301927,60804.28965,17.449375,21.7,14.4,0,0,1
1/6/2019,13.30694,58803.36787,17.78347222,23,12.5,0,0,1
1/7/2019,16.89109336,75114.69217,19.56569444,25.6,14,0,0,1
1/8/2019,17.34255734,76827.529,19.76284722,28.4,14.2,0,0,1
1/9/2019,16.46059889,73644.71945,17.70513889,22.3,13.8,0,0,1
1/10/2019,16.47303781,73453.27558,17.37631944,24.7,11.8,0,0,0
1/11/2019,17.13011701,76057.71954,22.61763889,34.1,11.8,0,0,0
1/12/2019,14.27699521,59049.65218,22.05527778,28,16,0,0,0
1/13/2019,13.842746,61614.06246,21.78194444,31.9,12.7,0,0,0
1/14/2019,16.66115601,69427.03711,26.46236111,40.3,17.6,0,0,0
1/15/2019,18.63783704,77999.34803,26.24840278,38.6,17.6,0,0,0
1/16/2019,18.8098702,82424.85122,22.8425,30.5,18.9,0,0,0
1/17/2019,18.97063817,82048.0101,26.45513889,34.6,20,0,0,0
1/18/2019,18.77461062,83115.20123,23.035,30.8,18.3,0,0,0
1/19/2019,14.61242759,65434.45073,19.52152778,25.6,14.8,0,0,0
1/20/2019,14.36714341,64235.4982,19.86680556,26.3,13.7,0,0,0
1/21/2019,17.90049206,78833.76702,22.29548611,32.2,17.7,0,0,0
1/22/2019,18.05403524,77614.2975,24.14076389,35.3,18.2,0,0,0
1/23/2019,18.28887801,81166.04062,21.53201389,27.7,17.6,0,0,0
1/24/2019,18.18056632,76049.30891,28.27743056,42.1,16.2,0,0,0
1/25/2019,19.44470461,78498.27252,32.33034722,44.7,21.3,0,0,0
1/26/2019,16.08473537,71448.39451,23.27847222,29.4,19.1,0,0,0
1/27/2019,14.85468422,66385.5838,21.19680556,28.1,16.3,0,0,0
1/28/2019,16.65780275,73627.48816,23.63006944,34.8,14,1,0,0
1/29/2019,18.89557876,81043.13729,24.42916667,37.1,15.9,0,0,0
1/30/2019,18.78284369,78324.45817,24.47659722,38.6,15.3,0,0,0
1/31/2019,18.5760521,83647.9626,18.68402778,22.2,14.1,0,0,0
2/1/2019,18.05885526,81282.90754,18.02513889,26.5,10.3,0,0,0
2/2/2019,16.3207999,72431.70995,24.83604167,36.6,12.8,0,0,0
2/3/2019,16.74990222,74939.06251,27.81138889,41.2,19.2,0,0,0
2/4/2019,18.94748784,84524.74326,20.29965278,22.9,17.3,0,0,0
2/5/2019,18.88152179,84494.81003,20.97666667,27.6,16.9,0,0,0
2/6/2019,18.59973259,77207.49,24.80291667,35.3,17.4,0,0,0
2/7/2019,18.74592794,78807.88104,23.92375,30,19.6,0,0,0
2/8/2019,19.27398812,86116.1789,19.96979167,25,16.6,0,0,0
2/9/2019,15.3222512,68919.48591,15.75388889,20.1,13.1,0,0,0
2/10/2019,14.88497375,66625.14249,17.44555556,25,11,0,0,0
2/11/2019,18.84360226,84720.83577,20.60458333,28.5,11.7,0,0,0
2/12/2019,18.34780307,82381.6358,17.32770833,21.6,11.4,0,0,0
2/13/2019,17.69547183,79647.31869,14.86611111,20.6,10.6,0,0,0
2/14/2019,17.92101081,80339.89148,16.45194444,24.4,8,0,0,0
2/15/2019,18.30205436,81297.72545,19.48888889,25.2,15.8,0,0,0
2/16/2019,15.90156697,71016.39809,20.41722222,28.1,15.9,0,0,0
2/17/2019,15.63528164,69702.08554,21.91131944,30.8,12.6,0,0,0
2/18/2019,18.86525266,83761.72181,20.51486111,26.4,16.7,1,0,0
2/19/2019,18.33601083,81888.62435,16.72375,21.9,12.7,0,0,1
2/20/2019,18.46071331,82888.60274,17.17138889,24.3,10.9,0,0,1
2/21/2019,18.38572878,82772.55099,16.74576389,21.7,12.6,0,0,1
2/22/2019,18.45136705,83012.70036,18.40097222,24.7,14.5,0,0,1
2/23/2019,16.10041067,71920.53446,20.31208333,27.8,15.5,0,0,0
2/24/2019,15.97931655,71107.95865,22.87027778,34.2,11.7,0,0,0
2/25/2019,18.90760236,81000.16851,25.2675,34.6,15.5,0,0,0
2/26/2019,19.60724596,85409.16342,20.16020833,25.5,15,0,0,0
2/27/2019,19.18925124,82456.21259,20.541875,33.4,11,0,0,0
2/28/2019,19.34678366,77096.93289,27.68069444,37.3,16.3,0,0,0
3/1/2019,20.12725315,81454.99348,29.413125,38.6,22.5,0,0,0
3/2/2019,18.04886887,79108.19225,28.43166667,36.2,19.2,0,0,0
3/3/2019,17.72208581,78313.89719,28.24520833,37.8,19.9,0,0,0
3/4/2019,18.63440974,74928.96157,22.18006944,29.9,17.6,0,1,0
3/5/2019,18.42350663,77028.68123,20.606875,26.5,16.6,0,1,0
3/6/2019,18.73366072,82559.24281,14.49048611,18.7,11.7,0,1,0
3/7/2019,18.2505846,80685.83452,14.91826389,23.2,6.6,0,1,0
3/8/2019,18.27535393,80886.71651,18.05180556,27.8,8,0,1,0
3/9/2019,15.65957762,69888.6949,19.21708333,27.9,10.8,0,1,0
3/10/2019,15.58869421,70071.18048,17.93458333,27.2,12.1,0,1,0
3/11/2019,18.5661235,81338.18706,19.42083333,24.7,16,0,1,0
3/12/2019,18.62465697,81948.49065,16.03576389,19.9,12.4,0,1,0
3/13/2019,18.73785165,82840.04216,14.58159722,19.8,9.8,0,1,0
3/14/2019,19.01338466,84343.37437,16.29833333,23.2,10.9,0,1,0
3/15/2019,19.07009837,85205.19951,16.86805556,25.1,9.9,0,1,0
3/16/2019,16.25275643,72731.08503,19.44534722,30.6,10.2,0,1,0
3/17/2019,16.10729792,72047.94361,20.47326389,29.5,13.6,0,1,0
3/18/2019,19.49012339,80903.50218,21.63701389,29.2,16.2,0,1,0
3/19/2019,19.85339039,83721.74726,19.91590278,26.2,14.7,0,1,0
3/20/2019,20.38234302,84647.87056,21.09395833,25.7,19.2,0,0,1
3/21/2019,19.47832283,81029.82298,21.17958333,26.3,18.8,0,0,1
3/22/2019,19.13253053,79476.53182,22.39222222,32.6,18.8,0,0,1
3/23/2019,17.48619216,78565.46137,22.19173611,31.2,18.3,0,1,0
3/24/2019,17.03463687,76230,22.59972222,30.2,15.9,0,1,0
3/25/2019,19.71620411,87165.33838,17.11763889,23.6,12,0,1,0
3/26/2019,19.37130726,85117.5241,15.07923611,20.8,11.1,0,1,0
3/27/2019,19.54819402,84975.99942,15.958125,23.6,9.9,0,1,0
3/28/2019,19.65055508,85637.11904,18.69194444,28.5,9.2,0,1,0
3/29/2019,19.24880923,86773.632,20.07291667,29.6,11.7,0,1,0
3/30/2019,14.50994741,66789.28793,10.62506944,15.2,8.4,0,1,0
3/31/2019,14.44807925,66750.12614,13.77472222,18.2,9.3,0,1,0
4/1/2019,18.44174221,83651.74268,14.10791667,18.3,11.3,0,1,0
4/2/2019,18.86038186,84890.57876,15.676875,26.2,5.1,0,1,0
4/3/2019,19.42451794,86749.89712,17.21083333,25.7,12.3,0,1,0
4/4/2019,18.92630883,85546.91592,17.045625,22.6,12.3,0,1,0
4/5/2019,18.89143866,86428.33189,21.57111111,29.2,12.8,0,1,0
4/6/2019,15.68350411,72285.27046,18.39208333,26.1,12.6,0,1,0
4/7/2019,15.10734008,68965.00747,17.36222222,26.4,7.1,0,1,0
4/8/2019,18.53188397,84023.56192,17.03951389,23.6,9.9,0,1,0
4/9/2019,18.02340386,82709.40032,12.59291667,16.8,9.9,0,1,0
4/10/2019,18.19081099,82713.61756,12.16881944,15.4,9.2,0,1,0
4/11/2019,18.30789134,84399.3791,12.62736111,19.7,6.7,0,1,0
4/12/2019,18.39008089,84833.44313,14.02034722,25,4.1,0,1,0
4/13/2019,15.24792245,70552.13718,14.14326389,21.5,7.7,0,1,0
4/14/2019,14.96058628,69222.63272,16.70569444,25.1,11.6,0,1,0
4/15/2019,18.56209533,85905.3772,19.08319444,28.1,12.1,0,1,0
4/16/2019,19.27118366,84484.86917,24.0175,31.2,16.8,0,1,0
4/17/2019,19.66331628,84571.92333,25.59923611,30.5,16.6,0,1,0
4/18/2019,18.82770094,86550.94121,15.34284722,19.2,12,0,1,0
4/19/2019,16.11347044,73300.17703,14.48388889,23.5,6,1,0,0
4/20/2019,15.30383507,69969.13394,17.90243056,30,7.1,1,0,0
4/21/2019,15.08373979,69551.12419,21.38923611,27.2,14,1,0,0
4/22/2019,15.67906664,72421.60881,15.12993056,17.6,12.9,1,0,0
4/23/2019,15.90611983,73199.96348,15.22652778,19.6,11.7,1,0,0
4/24/2019,17.2809528,79526.94477,15.85083333,24,12.6,0,1,0
4/25/2019,15.57976029,71947.333,14.8675,21.6,7.6,1,0,0
4/26/2019,16.85964762,77722.97553,12.61284722,15.9,7.9,0,1,0
4/27/2019,14.46989218,66764.08252,11.5275,15.6,5.6,0,1,0
4/28/2019,14.05669096,64927.85554,13.86284722,16.9,11.9,0,1,0
4/29/2019,17.82083897,81459.05494,11.89916667,17.2,7.5,0,1,0
4/30/2019,18.36757834,83370.4381,14.78222222,23.5,4.4,0,1,0
5/1/2019,18.94632756,86660.50225,20.12416667,21.9,17.1,0,1,0
5/2/2019,19.018425,87313.58919,17.80694444,20.9,14.9,0,1,0
5/3/2019,18.17249989,84556.64201,15.93791667,20.6,12.1,0,1,0
5/4/2019,15.03421292,70239.84276,13.095625,15.7,11.5,0,1,0
5/5/2019,14.47622882,67546.08369,12.55340278,16.2,9.6,0,1,0
5/6/2019,18.37085796,84524.31746,11.55673611,16.5,7,0,1,0
5/7/2019,18.57299365,85064.31091,12.11909722,18,4.9,0,1,0
5/8/2019,18.47471808,84817.43072,12.46881944,16.6,8.7,0,1,0
5/9/2019,18.70306193,85472.99304,13.63444444,16.1,8,0,1,0
5/10/2019,18.2746837,84885.90577,11.41222222,13.7,9.9,0,1,0
5/11/2019,15.36505576,70510.24089,12.32180556,16.2,9.2,0,1,0
5/12/2019,14.86257521,68754.27293,14.26576389,17.2,12.3,0,1,0
5/13/2019,18.67670425,85016.35773,14.10118056,17.5,11,0,1,0
5/14/2019,18.88474576,85774.51526,14.876875,20.7,10.8,0,1,0
5/15/2019,18.62357595,85500.8372,12.67277778,16.7,10.7,0,1,0
5/16/2019,18.55291786,84360.11751,11.51590278,17.4,7.3,0,1,0
5/17/2019,18.12052191,83028.23138,10.41486111,20.3,3.2,0,1,0
5/18/2019,15.22366073,70561.6675,11.66541667,22.2,3.6,0,1,0
5/19/2019,14.67861283,68094.0849,13.08409722,21.9,6.4,0,1,0
5/20/2019,18.36916955,83781.78231,16.05784722,20.4,11.4,0,1,0
5/21/2019,18.2517904,82990.89093,14.45791667,20.1,9.8,0,1,0
5/22/2019,18.62333133,84717.53422,13.726875,22.4,6.9,0,0,0
5/23/2019,18.87798975,85290.75771,14.62125,21.6,7,0,0,0
5/24/2019,18.85006739,87011.91109,17.65826389,20.8,13.2,0,0,0
5/25/2019,15.69682066,72440.82733,15.70159722,20.2,11.5,0,0,0
5/26/2019,14.57869711,67732.62679,11.46263889,14.5,8.6,0,0,0
5/27/2019,18.11886582,80592.71516,9.246805556,13.3,6.4,0,0,0
5/28/2019,18.21976882,81096.19102,10.87666667,13.9,8.4,0,0,0
5/29/2019,18.41490634,82830.24871,8.181319444,11,5.5,0,0,0
5/30/2019,18.01747637,79637.24554,8.686875,12.1,5.7,0,0,0
5/31/2019,17.66821003,81715.47141,11.49305556,13.8,10.1,0,0,0
6/1/2019,14.92159823,69892.76612,12.45347222,13.9,11.4,0,0,0
6/2/2019,14.42038572,67400.88284,10.578125,14.8,7.7,0,0,0
6/3/2019,17.31598634,78995.52967,8.920833333,11.8,6.5,1,0,0
6/4/2019,17.57389755,80453.303,8.926875,12.4,6.8,1,0,0
6/5/2019,17.44139571,79480.44024,10.17763889,12.4,7.8,1,0,0
6/6/2019,17.41503728,79429.98503,11.77270833,14.6,9.9,1,0,0
6/7/2019,17.56422759,82095.19974,11.88541667,17,5.9,0,0,1
6/8/2019,14.69589936,68688.63362,10.49034722,17.7,3.8,0,0,1
6/9/2019,14.27673936,66843.6937,13.10381944,18.5,7.5,0,0,1
6/10/2019,15.59287717,73099.40816,15.29833333,18.2,12.6,1,0,0
6/11/2019,17.73481161,82236.32143,12.92631944,17.9,5.9,0,0,1
6/12/2019,17.85393564,83056.50858,15.35451389,18.2,11.8,0,0,1
6/13/2019,17.42181695,77666.45997,11.95388889,16.5,7.2,0,0,1
6/14/2019,17.60640483,82345.15538,12.13222222,16.5,8.1,0,0,1
6/15/2019,14.61625771,68360.23731,10.06291667,14.6,6.7,0,0,1
6/16/2019,14.22021894,66308.88093,9.657361111,16,6.3,0,0,1
6/17/2019,17.49241244,81304.73302,9.61625,16.8,4.3,0,0,1
6/18/2019,17.27091284,80240.66106,9.259722222,12.3,5.6,0,0,1
6/19/2019,17.6457146,80164.48145,7.097777778,11.6,3.7,0,0,1
6/20/2019,17.59622189,79886.84739,6.64125,9.4,3.7,0,0,1
6/21/2019,17.44961185,80146.06721,7.193958333,12,4.7,0,0,1
6/22/2019,14.40950276,67335.60638,6.895138889,11,3.7,0,0,1
6/23/2019,13.84522742,64726.43821,5.034513889,7.8,1.8,0,0,1
6/24/2019,17.49442546,78689.92573,7.291805556,14,3.4,0,0,1
6/25/2019,17.34814791,78691.19894,7.185069444,16.4,0.8,0,0,1
6/26/2019,17.2825603,78825.75753,8.240138889,17.8,1.9,0,0,1
6/27/2019,17.13318299,78589.91037,11.80881944,17.3,3.7,0,0,1
6/28/2019,17.23057736,79984.3401,14.95993056,19.2,10.1,0,0,0
6/29/2019,14.42615442,67168.17499,13.22256944,17.2,9.3,0,0,0
6/30/2019,13.87283758,64661.29595,10.63840278,13.9,7.8,0,0,0
7/1/2019,17.23112931,79780.1287,11.03777778,13.4,9.6,0,1,0
7/2/2019,17.19244294,79291.54683,11.06680556,14.8,8.7,0,1,0
7/3/2019,17.2701957,80150.97823,9.805208333,12.9,6.8,0,1,0
7/4/2019,17.27316663,78903.82518,7.920555556,13.1,4.4,0,1,0
7/5/2019,17.07854119,78031.8547,8.174583333,17.8,1.2,0,1,0
7/6/2019,14.01882563,64416.50377,10.51965278,18.1,4.6,0,1,0
7/7/2019,13.32681724,62169.60242,12.32861111,17,7.2,0,1,0
7/8/2019,16.59345571,77292.31668,12.32145833,15.9,9.9,1,0,0
7/9/2019,17.03236006,78263.69448,10.02069444,14.4,5.5,1,0,0
7/10/2019,17.35869462,80214.52783,11.795,14.4,6.9,1,0,0
7/11/2019,17.47570805,80475.63557,10.36972222,13,7.5,1,0,0
7/12/2019,16.97272747,78125.46453,11.35145833,14.7,7.7,1,0,0
7/13/2019,13.27404215,59494.25691,7.849305556,11.5,6,0,0,0
7/14/2019,13.05720784,59201.38035,9.018958333,12.3,5.7,0,0,0
7/15/2019,16.88941881,77353.53817,10.83034722,13.4,8.1,0,0,0
7/16/2019,17.15199932,79310.84484,11.19381944,13.1,10.1,1,0,0
7/17/2019,17.31957937,79999.13712,10.63173611,11.9,9.3,0,0,1
7/18/2019,17.05203086,79121.42317,10.62888889,13.1,7.8,0,0,1
7/19/2019,16.77910226,78106.72104,10.22597222,15.2,6,0,0,1
7/20/2019,14.06494221,65148.81233,11.42,16.6,5.5,0,0,0
7/21/2019,13.47123729,62708.60959,12.61916667,15.5,9.1,0,0,0
7/22/2019,17.02183375,78028.0859,11.06298611,15.2,5.1,0,0,0
7/23/2019,17.24081502,79566.36133,11.89472222,14.6,7.9,0,0,0
7/24/2019,17.43607301,79665.41758,9.843958333,13.4,4.9,0,0,0
7/25/2019,17.34019188,80129.02667,11.69305556,14.3,9.2,0,0,0
7/26/2019,17.16569513,79854.81373,11.50583333,13.1,10.1,0,0,0
7/27/2019,14.11770003,65308.48032,11.02284722,14.7,7.7,0,0,0
7/28/2019,13.68742665,62921.10029,9.636805556,14.7,4.6,0,0,0
7/29/2019,17.65066534,80522.33526,10.55881944,14.5,8.3,0,0,1
7/30/2019,17.74871081,80596.89579,8.842083333,11.9,5.1,0,0,1
7/31/2019,18.14542667,80638.27612,6.578194444,13.5,0.4,0,0,1
8/1/2019,17.95004459,80703.40048,9.326597222,12.7,6,0,0,1
8/2/2019,17.64467052,81906.56057,10.47451389,12,8.8,0,0,1
8/3/2019,14.55951217,67672.61255,11.011875,13.4,9.4,0,1,0
8/4/2019,14.60250047,67580.37217,9.809166667,12,8.2,0,1,0
8/5/2019,17.97971219,81951.52815,10.88395833,14.7,8.9,0,1,0
8/6/2019,17.96396178,80316.87311,10.74333333,12.7,8.7,0,1,0
8/7/2019,17.98975268,81673.47718,11.36784722,14.5,8.4,0,1,0
8/8/2019,17.80727331,79865.62081,8.959097222,13.1,5.8,0,1,0
8/9/2019,17.62839601,79327.78204,7.602152778,9.3,3.8,0,1,0
8/10/2019,14.39871284,66003.69966,6.859652778,12.1,2.2,0,1,0
8/11/2019,13.8750251,63658.61516,8.020138889,12.9,3.8,0,1,0
8/12/2019,17.7094512,78966.44291,9.116180556,11.7,6.4,0,1,0
8/13/2019,17.92377449,79205.15948,9.968125,12.5,7.8,0,1,0
8/14/2019,17.94140955,81041.34695,10.115,13.1,7.3,0,1,0
8/15/2019,17.94673845,81514.08606,11.03833333,15.5,5.2,0,1,0
8/16/2019,17.49864795,80336.29273,11.83270833,15.4,8.2,0,1,0
8/17/2019,14.09963732,64999.32806,10.00847222,15.6,4.4,0,1,0
8/18/2019,13.70660354,64407.33003,12.25576389,19.3,7.1,0,1,0
8/19/2019,17.32795563,76901.46709,8.050694444,12.2,5.1,0,1,0
8/20/2019,17.60259513,78067.50941,11.85013889,15.6,8.2,0,1,0
8/21/2019,17.64057814,80035.30303,13.26319444,16.4,11.1,0,1,0
8/22/2019,17.59280268,79924.10256,10.07951389,12.6,5.8,0,1,0
8/23/2019,17.47113598,80140.10075,8.612708333,15.2,1.3,0,1,0
8/24/2019,14.60405104,66857.34564,11.96902778,17.4,8.1,0,1,0
8/25/2019,14.11982121,64908.81808,8.561388889,12.9,4.9,0,1,0
8/26/2019,17.67671069,79173.98717,8.444305556,14.3,3.6,0,1,0
8/27/2019,17.95613933,80964.23225,8.904930556,16,1.9,0,1,0
8/28/2019,18.10762026,81502.39877,8.241041667,12.7,4.7,0,1,0
8/29/2019,17.89127155,80457.04817,7.610625,12.8,3.2,0,1,0
8/30/2019,17.51488673,79885.39839,7.504583333,16.4,-0.1,0,1,0
8/31/2019,14.4466236,66454.46857,10.17104167,17.6,1.7,0,1,0
9/1/2019,13.92873096,64698.95532,13.28333333,19.9,9.9,0,1,0
9/2/2019,17.7076429,81685.35671,12.88451389,17,9.7,0,1,0
9/3/2019,17.88862954,82108.80961,14.00805556,22.6,8,0,1,0
9/4/2019,17.99194827,82511.07477,12.76618056,20,8,0,1,0
9/5/2019,17.98830464,82764.18966,13.13506944,21.1,6.6,0,1,0
9/6/2019,17.33736654,80445.38075,11.23479167,15.7,8.6,0,1,0
9/7/2019,14.23066832,65902.22498,9.342083333,12.7,7.2,0,1,0
9/8/2019,14.02489459,64893.18726,9.569583333,15.1,6.7,0,1,0
9/9/2019,17.64734151,78918.91125,8.872291667,12.6,5.7,0,1,0
9/10/2019,17.72076932,80594.05885,9.667222222,14.8,5.8,0,1,0
9/11/2019,18.05135941,82603.02067,11.34340278,19.8,2.8,0,1,0
9/12/2019,18.20863313,83523.00018,14.15625,20.3,11,0,1,0
9/13/2019,17.68560607,82061.21218,12.80479167,18.7,6.6,0,1,0
9/14/2019,14.83540135,68391.20024,13.57354167,19.7,6.5,0,1,0
9/15/2019,14.52793362,67366.0282,14.58111111,19.5,12.2,0,1,0
9/16/2019,17.77864017,81319.50015,9.511944444,13.6,5.3,0,1,0
9/17/2019,17.93733851,82260.63439,8.105277778,14.4,1.1,0,1,0
9/18/2019,18.08467565,83044.83057,10.57826389,19.4,1.6,0,1,0
9/19/2019,18.32964792,84096.42467,16.07763889,23.4,6.2,0,1,0
9/20/2019,18.75930048,86161.46711,21.90298611,26,19.3,0,1,0
9/21/2019,14.89170201,68784.77158,17.12604167,22.7,9,0,1,0
9/22/2019,14.20329231,65093.68867,10.74041667,15.2,5,0,1,0
9/23/2019,17.5833721,80654.92782,10.00673611,15,7.9,0,1,0
9/24/2019,17.63853472,81031.42851,10.34888889,14.8,5.2,0,1,0
9/25/2019,17.84736144,82187.09942,11.18618056,16,7,0,1,0
9/26/2019,17.73321523,81909.72115,12.37201389,19.5,6,0,1,0
9/27/2019,15.18452122,70213.22614,12.53875,19.4,8.1,0,1,0
9/28/2019,13.88240381,64011.76395,9.705486111,14.8,5.4,0,1,0
9/29/2019,13.81671979,63708.89496,10.73083333,16.1,6.2,0,1,0
9/30/2019,16.82017142,77826.93316,10.673125,14.1,7,1,0,0
10/1/2019,17.12259407,79106.38462,12.35368056,22.2,1.6,1,0,0
10/2/2019,17.43029414,80719.69214,16.85763889,26.4,5.7,1,0,0
10/3/2019,17.18839771,79049.44108,18.73090278,29.1,12.7,1,0,0
10/4/2019,16.42464041,75931.1126,12.15583333,16.1,9.6,1,0,0
10/5/2019,13.67577214,62935.90337,14.13798611,21.5,6.9,0,1,0
10/6/2019,13.75106592,58057.0003,21.53942029,25.4,14.2,0,1,0
10/7/2019,16.8585382,77970.73916,13.60145833,17.1,11.5,0,1,0
10/8/2019,17.20851005,78384.76329,10.76041667,14.7,8.1,0,1,0
10/9/2019,17.56311821,80702.52816,10.59729167,14.5,7.4,0,1,0
10/10/2019,17.50682447,80531.39257,11.06576389,14.3,8.3,0,1,0
10/11/2019,17.19318315,79535.66523,12.24444444,19.1,7.6,0,1,0
10/12/2019,14.31409499,65844.83694,13.2525,20,6.6,0,1,0
10/13/2019,14.09269223,64699.55001,15.00493056,22.4,6.6,0,1,0
10/14/2019,17.6086072,79819.81643,17.47847222,26.4,12.5,0,1,0
10/15/2019,17.7217877,81272.11838,14.73798611,18.9,12.3,0,1,0
10/16/2019,17.53612437,80596.02759,13.778125,19.9,11.4,0,1,0
10/17/2019,17.40194341,80449.18437,11.50847222,15.2,8.6,0,1,0
10/18/2019,17.22501585,79700.14834,13.43930556,21.7,5.8,0,1,0
10/19/2019,14.18130739,65404.18966,11.16145833,16.2,7,0,1,0
10/20/2019,14.05502938,64695.30023,12.03368056,15.9,7.5,0,1,0
10/21/2019,17.34521147,79683.90149,13.229375,18.4,9.9,0,1,0
10/22/2019,17.44670564,80219.95252,15.40430556,23.5,10.6,0,1,0
10/23/2019,17.69952884,80249.66375,17.86048611,29.1,5.3,0,1,0
10/24/2019,17.9787284,78782.78785,23.140625,33.5,9.8,0,1,0
10/25/2019,17.98260528,82486.2104,20.72979167,28.7,13.9,0,1,0
10/26/2019,14.61077262,67136.50021,12.66979167,15.6,9.5,0,1,0
10/27/2019,14.42488934,65936.16916,12.28569444,16.9,8.6,0,0,0
10/28/2019,17.66915552,80871.72483,15.02298611,23.1,8.3,1,0,0
10/29/2019,17.67225507,80126.00447,19.35138889,30,6.4,1,0,0
10/30/2019,17.97069317,80706.38302,20.15027778,29.8,10.7,1,0,0
10/31/2019,18.52783784,81263.09678,24.994375,33.3,13.5,1,0,0
11/1/2019,18.94800775,81836.44548,27.12645833,33.9,20.1,0,0,1
11/2/2019,15.34466536,70017.70805,16.81125,28.6,15,0,0,1
11/3/2019,14.64480214,66531.33614,15.35680556,20.7,12.2,0,0,1
11/4/2019,17.19412077,79006.98494,11.12881944,15.6,7.3,0,0,1
11/5/2019,16.52767814,76556.20513,12.42708333,19.8,4.8,0,0,1
11/6/2019,17.21046482,79529.55792,17.06895833,23.5,13.1,0,0,1
11/7/2019,17.24648763,79851.23774,13.30659722,16.8,11.3,0,0,1
11/8/2019,16.87351718,77921.90233,10.66138889,15.2,6,0,0,1
11/9/2019,14.16475357,64704.5943,10.42979167,14.2,6.2,0,0,1
11/10/2019,14.34373007,65321.34675,13.55284722,17.2,10.9,0,0,1
11/11/2019,17.81503355,81468.14844,19.69777778,29.2,7.6,0,0,1
11/12/2019,17.21575288,79261.32627,14.54,26.4,8.2,0,0,1
11/13/2019,17.26446821,79399.28928,12.20590278,16.8,7.6,0,0,1
11/14/2019,18.24015196,82591.40806,16.26659722,22.8,11.6,0,0,1
11/15/2019,16.98680335,77544.75729,14.58368056,20.1,10.5,0,0,1
11/16/2019,14.04996768,63252.9545,12.50958333,18.3,6.8,0,0,1
11/17/2019,13.66260734,61891.61123,12.90472222,18.1,9.9,0,0,1
11/18/2019,17.43960786,79786.20596,17.22638889,27.8,5.7,0,0,1
11/19/2019,17.26819076,79312.80017,15.02708333,21.2,9,0,0,1
11/20/2019,17.67143727,79539.13914,21.36263889,34.6,7.3,0,0,1
11/21/2019,18.53040962,79532.51808,27.05,41.4,14.3,0,0,1
11/22/2019,17.05453055,77598.11401,15.95791667,21.7,12,0,0,0
11/23/2019,13.65481073,62416.13983,15.35881944,25.5,7.9,0,0,0
11/24/2019,13.61451403,62436.16134,16.52229167,25.6,7.6,0,0,0
11/25/2019,17.1047749,79656.93669,19.64013889,30.4,8.2,0,0,0
11/26/2019,16.28739614,76127.28954,13.38194444,24,10.3,0,0,0
11/27/2019,16.26235456,76270.44287,15.36965278,26.1,5.1,0,0,0
11/28/2019,16.6121569,77578.77272,16.54826389,25.1,9.5,0,0,0
11/29/2019,16.22583878,75661.08625,16.1725,23.9,11.7,0,0,0
11/30/2019,13.16764222,61084.69227,13.88444444,20.2,9.5,0,0,0
12/1/2019,12.71322231,59586.87297,12.53569444,16.6,10,0,0,0
12/2/2019,15.636128,73395.98484,11.50451389,15.4,9.1,0,0,0
12/3/2019,16.20779077,75414.85046,15.89611111,22.7,10.2,0,0,0
12/4/2019,16.33571967,76108.11793,16.26666667,23.9,11.9,0,0,0
12/5/2019,16.61232525,77546.33426,16.66118056,25.2,10.5,0,0,0
12/6/2019,16.21200186,76180.19674,15.46375,21.5,12.4,0,0,0
12/7/2019,13.63067749,63028.25273,15.30534722,23.4,9.2,0,0,0
12/8/2019,13.79455215,63868.77645,19.65888889,28.3,12.8,0,0,0
12/9/2019,16.8751614,74486.9624,24.66597222,38.5,14.1,0,0,0
12/10/2019,16.53216723,77668.12167,15.50625,19.5,12.3,0,0,0
12/11/2019,16.38997097,76885.35383,15.33361111,20.4,12.5,0,0,0
12/12/2019,16.2827905,76594.24653,15.36701389,20.3,12.9,0,0,0
12/13/2019,16.04930068,75913.19223,15.846875,21.2,11,0,0,0
12/14/2019,13.56710656,63724.6995,16.41708333,20.4,13.5,0,0,0
12/15/2019,13.42966566,63105.99892,17.40958333,23.6,13.8,0,0,0
12/16/2019,16.24986591,76683.11723,16.97763889,24.2,11.2,1,0,0
12/17/2019,17.27737162,80529.82911,21.11298611,31.7,10.3,1,0,0
12/18/2019,17.82535717,77878.98548,28.06611111,41.8,14.6,1,0,0
12/19/2019,17.52542536,81282.92283,21.596875,28.3,15.9,1,0,0
12/20/2019,17.32038278,74235.1606,29.25333333,43.5,12.1,1,0,0
12/21/2019,14.56380739,65915.79223,19.12138889,29.5,12.5,0,0,0
12/22/2019,13.63427423,61831.43365,16.49930556,24.1,11.5,0,0,0
12/23/2019,15.25739857,70428.1518,16.35013889,24.2,10.6,0,0,0
12/24/2019,14.76388714,67840.06141,19.14284722,27.2,12.7,1,0,0
12/25/2019,14.99248905,69295.28439,21.51520833,32.1,12.7,1,0,0
12/26/2019,14.54903285,66561.82527,18.86131944,24.5,13.6,1,0,0
12/27/2019,13.5329791,61602.12086,19.53736111,30.8,11.9,1,0,0
12/28/2019,14.00746767,63818.0227,24.33347222,34.4,16.8,0,0,0
12/29/2019,14.49415925,65528.09398,24.89736111,37.7,16.7,0,0,0
12/30/2019,15.99881576,70378.79054,29.14423611,41.6,19.1,0,0,0
12/31/2019,14.08015951,64177.36706,18.18965278,24.1,14,0,0,0
1/1/2020,13.69585986,62138.11619,18.04930556,27.1,8.4,1,0,0
1/2/2020,14.53871486,67677.71768,19.42548611,27.2,10.1,0,0,0
1/3/2020,15.08510385,68999.26503,23.85979167,37.2,11.4,0,0,0
1/4/2020,12.9875159,59482.82282,20.629375,28.8,14.7,0,0,0
1/5/2020,12.5918816,57280.46941,13.92208333,15.7,11.5,0,0,0
1/6/2020,14.92473851,69728.37834,13.66368056,15.8,11.5,0,0,0
1/7/2020,15.18752972,70865.01366,17.83395833,20.4,15.5,0,0,0
1/8/2020,15.85759111,73151.06777,20.91354167,27.5,16.2,0,0,0
1/9/2020,16.61092702,75313.94313,24.05916667,34.2,15.2,0,0,0
1/10/2020,16.45659309,76309.22216,21.78104167,33.7,13,0,0,0
1/11/2020,12.36635588,54028.60883,15.17611111,20.6,12.3,0,0,0
1/12/2020,12.51713981,55425.8951,17.02409722,23.1,13.3,0,0,0
1/13/2020,15.8693323,73681.30987,21.97680556,32.9,10.8,0,0,0
1/14/2020,17.30934853,79415.29104,25.590625,35.1,17,0,0,0
1/15/2020,17.41272288,77765.22039,25.17833333,38.6,19.1,0,0,0
1/16/2020,16.04905078,74836.72379,16.95569444,20.8,12.9,0,0,0
1/17/2020,15.92049698,74221.35691,17.920625,26.2,12,0,0,0
1/18/2020,13.56639588,62608.91697,20.48423611,31.1,12.3,0,0,0
1/19/2020,13.35678035,61788.46589,21.12736111,31.6,17.5,0,0,0
1/20/2020,16.25267353,75558.67924,18.34916667,23.7,14.8,0,0,0
1/21/2020,15.51111824,71956.07752,17.67,25.4,13.8,0,0,0
1/22/2020,16.55371933,76875.47257,22.13673611,31.6,12.8,0,0,0
1/23/2020,16.15444981,75990.53192,16.66125,22.9,12.7,0,0,0
1/24/2020,15.82430265,74484.99256,17.14222222,24.7,8.5,0,0,0
1/25/2020,13.91247067,63941.71522,19.92125,28.8,11.2,0,0,0
1/26/2020,13.69337418,63181.22848,19.28104167,25.6,13.8,0,0,0
1/27/2020,14.79645859,68463.2139,18.43743056,26.6,11.4,0,0,0
1/28/2020,16.53183346,77253.25774,18.48277778,26.8,12,0,0,0
1/29/2020,17.0679957,79093.09206,22.09680556,32.1,12.5,0,0,0
1/30/2020,17.33306359,76074.81611,27.76097222,39.5,14,0,0,0
1/31/2020,17.63383265,76989.31335,30.86326389,43.8,19.2,0,0,0
2/1/2020,15.05884905,71198.23833,22.20888889,29.6,15.5,0,0,0
2/2/2020,13.31447488,62032.13847,18.17618056,25.7,13.8,0,0,0
2/3/2020,15.50252146,72846.34834,14.82173611,18.2,11.8,0,0,0
2/4/2020,15.80810232,73444.4434,14.87611111,21.6,8.7,0,0,0
2/5/2020,15.88986383,73681.29857,15.59895833,23.3,9.7,0,0,0
2/6/2020,16.81887775,77232.28662,19.93895833,30.6,12.6,0,0,0
2/7/2020,17.22880915,80165.64896,20.38708333,25.7,17.4,0,0,0
2/8/2020,15.03923136,64804.04794,22.61930556,29.4,16.2,0,0,0
2/9/2020,14.10517617,64954.33627,22.21597222,27.2,18,0,0,0
2/10/2020,17.35250171,80359.43541,21.77444444,27.5,17.7,0,0,0
2/11/2020,18.0877113,83872.71728,21.96805556,28.1,18.6,0,0,0
2/12/2020,18.0973988,83863.34605,22.23854167,29,18,0,0,0
2/13/2020,18.33674941,81983.60661,24.24618056,32.9,17.3,0,0,0
2/14/2020,18.03095855,81680.24223,23.58152778,35.3,19.4,0,0,0
2/15/2020,14.58303661,69079.84442,18.24131944,20,16.3,0,0,0
2/16/2020,14.2737964,66572.98642,20.06395833,27.8,15.7,0,0,0
2/17/2020,17.73635552,81853.28072,21.00388889,30,13.9,0,0,0
2/18/2020,17.39797794,81544.32259,18.38326389,21.6,14.4,0,0,0
2/19/2020,16.28169105,77175.21559,14.99604167,19.2,12.5,0,0,0
2/20/2020,16.09286354,75555.99431,15.34236111,19.1,13,0,0,0
2/21/2020,15.71636525,73961.21489,15.42659722,20.3,12.4,0,0,0
2/22/2020,13.26606132,60838.15722,16.11486111,23.2,9.8,0,0,0
2/23/2020,13.7556949,64417.91924,21.04993056,32.9,11.9,0,0,0
2/24/2020,17.60158058,82410.60029,20.88819444,28.5,16.8,0,0,0
2/25/2020,18.4677699,86392.22759,21.82527778,31.7,17.9,0,0,0
2/26/2020,16.72857382,78423.55409,16.37458333,19.5,12.6,0,0,0
2/27/2020,16.49704233,77024.69066,14.65125,19.7,7.7,0,0,0
2/28/2020,16.33092167,76053.10223,16.33756944,20.3,13,0,0,0
2/29/2020,13.92892469,64421.27668,17.74659722,24.2,13.7,0,0,0
3/1/2020,14.32035701,66417.81579,21.07319444,32.2,11.1,0,0,0
3/2/2020,16.74565354,77130.48022,15.75069444,19.6,12.6,0,0,0
3/3/2020,16.87311384,77717.56236,15.91277778,20.5,13.1,0,0,0
3/4/2020,17.05547119,79529.66214,16.37076389,22.1,12.2,0,0,0
3/5/2020,17.46719119,81816.32355,17.66208333,20.2,16.4,0,0,0
3/6/2020,16.75184083,77678.28593,16.29763889,19.3,14.7,0,0,0
3/7/2020,13.7629005,63804.80671,16.51986111,20.6,13.5,0,0,0
3/8/2020,13.44734061,61763.63543,15.62069444,22.3,9.8,0,0,0
3/9/2020,16.22514593,75609.18003,15.20145833,21.3,10,0,0,0
3/10/2020,17.1506015,78669.80906,16.09201389,25,7.8,0,0,0
3/11/2020,17.67366953,80910.05912,20.39743056,29.8,11.5,0,0,0
3/12/2020,18.07797505,83429.85484,22.32055556,28.9,14.9,0,0,0
3/13/2020,17.48053155,81599.12126,19.371875,26.4,13.1,0,0,0
3/14/2020,12.73758597,59408.10097,13.93902778,17.8,11.6,0,0,0
3/15/2020,12.61432174,59299.92651,14.66145833,20,11.3,0,0,0
3/16/2020,16.50062701,76826.91935,16.35104167,25.6,7.1,0,0,0
3/17/2020,16.71972559,77863.76209,19.63055556,27.5,11,0,0,0
3/18/2020,17.24271841,80402.79595,23.42541667,27.4,18.1,0,0,0
3/19/2020,17.45557468,81552.44491,23.81388889,30,18.1,0,0,0
3/20/2020,16.07302615,75253.90843,17.76256944,22.8,14.1,0,0,0
3/21/2020,13.10150051,61249.51488,15.44763889,19.4,12.6,0,0,0
3/22/2020,12.52983559,59241.06267,14.04319444,18.9,10.5,0,0,0
3/23/2020,14.75625941,70077.47593,13.53055556,17.5,10.2,0,0,0
3/24/2020,14.90014246,69851.86783,12.32395833,19.6,6.2,0,0,0
3/25/2020,14.58941226,68891.20468,14.20756944,17.3,12.4,0,0,0
3/26/2020,14.3640399,68085.54914,15.71486111,22.1,11.8,0,0,0
3/27/2020,13.62777889,64500.27748,19.07173611,27.3,13.1,0,0,0
3/28/2020,12.21025178,56863.14254,20.08388889,27.3,12.5,0,0,0
3/29/2020,11.99059754,56175.94947,20.71291667,26.8,16.6,0,0,0
3/30/2020,12.71010431,59788.33068,17.59618056,21.4,13.9,0,0,0
3/31/2020,12.09760607,57221.67671,15.55520833,21.8,9.6,0,0,0
4/1/2020,12.08459401,56894.26861,16.10020833,24.1,8.2,0,0,0
4/2/2020,11.97853075,56898.02107,16.54944444,20.3,15,0,0,0
4/3/2020,11.83862424,56008.53129,17.07375,23.3,12.6,0,0,0
4/4/2020,10.3847063,47842.34192,11.79722222,15.9,8.5,0,0,0
4/5/2020,10.38019883,47271.42549,12.23555556,14.9,8.9,0,0,0
4/6/2020,11.2717689,51635.97331,12.56652778,16.7,9,0,0,0
4/7/2020,11.16904193,51522.79041,13.05729167,16.6,10.9,0,0,0
4/8/2020,11.20621301,51638.22955,14.03291667,18.8,10.8,0,0,0
4/9/2020,11.45745848,51627.3079,14.04069444,22.9,6.6,0,0,0
4/10/2020,11.14738737,50074.06407,16.67097222,21.3,11.4,0,0,0
4/11/2020,10.27224378,45999.10766,13.41819444,18.3,10.5,0,0,0
4/12/2020,10.20136152,45161.42746,12.40208333,15.2,10.4,0,0,0
4/13/2020,10.92215611,48472.52881,14.04618056,18.8,11.4,0,0,0
4/14/2020,11.18956064,49625.70146,16.09479167,22.1,10.5,0,0,0
4/15/2020,11.74056917,52809.08011,19.30770833,23.7,13.2,0,0,0
4/16/2020,11.32312773,51712.72436,17.02347222,22.4,11.1,0,0,0
4/17/2020,10.88064224,49615.7286,14.00298611,19,10.3,0,0,0
4/18/2020,9.88239276,44678.29767,13.62263889,15.9,12.3,0,0,0
4/19/2020,9.881828452,43993.90027,13.68006944,18.9,9.3,0,0,0
4/20/2020,10.84852352,50250.36094,15.1825,20.5,10.4,0,0,0
4/21/2020,11.08699769,50213.01253,13.31590278,19.2,6.6,0,0,0
4/22/2020,10.8893563,50526.61324,14.87875,18.2,12,0,0,0
4/23/2020,10.80912406,50024.62615,15.01569444,19.1,8.5,0,0,0
4/24/2020,10.81145425,49224.55122,17.424375,23.2,12.2,0,0,0
4/25/2020,9.867930775,44050.44298,15.57104167,21,8.1,0,0,0
4/26/2020,9.728827983,43410.03046,14.21833333,17,8.4,0,0,0
4/27/2020,10.43203148,46745.93306,10.97076389,18.1,5.2,0,0,0
4/28/2020,10.63397764,48501.57201,12.64638889,19.5,4.8,0,0,0
4/29/2020,10.97759385,50321.29021,13.734375,19,9.7,0,0,0
4/30/2020,11.03125594,49894.37063,10.00965278,15,7.4,0,0,0
5/1/2020,11.04782334,51118.2786,9.408819444,12.4,7.2,0,0,0
5/2/2020,9.93358303,45833.5521,10.27756944,13.4,8.5,0,0,0
5/3/2020,9.830301917,44668.89191,11.27784722,14.1,8.8,0,0,0
5/4/2020,10.91297293,49915.9382,11.20708333,13.8,9.2,0,0,0
5/5/2020,11.03664622,50316.07012,12.64138889,19.4,7.3,0,0,0
5/6/2020,11.155715,51260.51044,15.10111111,19.7,10.4,0,0,0
5/7/2020,11.11585232,51566.4389,18.45611111,21.7,16.2,0,0,0
5/8/2020,11.10820989,51164.41477,15.54881944,19.3,11.9,0,0,0
5/9/2020,9.921349737,45271.11885,11.61680556,15.9,7,0,0,0
5/10/2020,9.907236637,44602.37934,9.728472222,14.1,4.8,0,0,0
5/11/2020,11.0165802,50621.18603,11.03152778,16.8,5.1,0,0,0
5/12/2020,10.83960143,49883.84576,11.95395833,14.7,9.4,0,0,0
5/13/2020,10.9386987,50733.68456,10.73909722,14.5,7.7,0,0,0
5/14/2020,11.08981502,51290.39447,8.350138889,14.9,3.4,0,0,0
5/15/2020,11.00878831,50530.33832,7.636319444,15.9,1.7,0,0,0
5/16/2020,9.985103516,44643.39782,9.126875,18,2,0,0,0
5/17/2020,10.02205058,45079.18352,8.852986111,18.1,2.2,0,0,0
5/18/2020,11.01861577,50553.40917,10.21743056,19.3,2.6,0,0,0
5/19/2020,10.85966575,49313.74219,14.60902778,17.4,10.1,0,0,0
5/20/2020,11.06408699,50972.24876,12.50534722,16.6,9.6,0,0,0
5/21/2020,11.14420851,51241.07075,9.750902778,13,8.6,0,0,0
5/22/2020,11.05423304,50562.06191,9.97625,12.3,8.2,0,0,0
5/23/2020,9.944987165,43568.98877,10.64131944,13.1,8,0,0,0
5/24/2020,10.03832674,45062.04874,11.12611111,13.6,7.7,0,0,0
5/25/2020,11.21460004,51284.366,9.394444444,15.5,5.4,0,0,0
5/26/2020,11.30534334,51179.28932,8.895555556,18.3,2.2,0,0,0
5/27/2020,11.27210686,52144.76632,11.423125,16.1,6,0,0,0
5/28/2020,11.36010323,52551.83754,12.68083333,17.8,7.9,0,0,0
5/29/2020,11.42597675,52708.03073,10.58534722,16.5,5,0,0,0
5/30/2020,10.14024782,45712.23718,13.57569444,16.9,8.9,0,0,0
5/31/2020,10.20254808,46329.77082,14.02604167,16.8,11,0,0,0
6/1/2020,11.46234333,53024.80026,9.533819444,12.6,7.9,0,0,0
6/2/2020,11.43110421,53360.39445,11.35590278,14.7,7.7,0,0,0
6/3/2020,11.47541602,53027.89741,11.18819444,13.4,9.6,0,0,0
6/4/2020,11.38006206,52689.68734,10.15090278,14.8,4.8,0,0,0
6/5/2020,11.34915911,52274.22687,7.036527778,15.2,1.3,0,0,0
6/6/2020,9.86133027,45332.53525,8.537847222,13.1,4.7,0,0,0
6/7/2020,9.758630179,44704.28485,9.432986111,12.4,8.3,0,0,0
6/8/2020,10.4429607,48507.55247,7.087152778,12.9,2.9,0,0,0
6/9/2020,11.38404213,52605.6587,6.283194444,14.6,-0.4,0,0,0
6/10/2020,11.50094647,53467.90013,8.669930556,16.9,2.6,0,0,0
6/11/2020,11.35695243,52787.11491,7.652708333,15.8,1.9,0,0,0
6/12/2020,11.47285856,53073.44368,8.290555556,15.5,1.3,0,0,0
6/13/2020,10.15733856,46957.37616,13.80194444,16,10.5,0,0,0
6/14/2020,10.14963433,46404.12815,12.33048611,14.9,9.2,0,0,0
6/15/2020,11.47601782,53558.57516,14.32097222,17.7,12.1,0,0,0
6/16/2020,11.5733719,54047.64676,13.86277778,17.1,10.7,0,0,0
6/17/2020,11.8977172,55693.21419,10.01548611,14.2,4.7,0,0,0
6/18/2020,12.0418058,55898.06254,9.150763889,16.8,1.6,0,0,0
6/19/2020,11.79223296,54291.44055,14.84041667,18.8,12.3,0,0,0
6/20/2020,10.20210934,46419.5975,13.14659722,16.1,6.7,0,0,0
6/21/2020,10.23195362,46862.34756,7.820208333,10.8,4.2,0,0,0
6/22/2020,11.78671475,54572.4893,9.496597222,12.3,7.1,0,0,0
6/23/2020,11.81731711,55104.14969,10.73222222,13.6,8.5,0,0,0
6/24/2020,11.46623084,50887.13248,12.02763889,16.1,9.5,0,0,0
6/25/2020,11.93070228,55740.24104,11.39868056,15.8,8.3,0,0,0
6/26/2020,11.72134775,54363.61085,8.413263889,13.3,4.1,0,0,0
6/27/2020,10.54655984,48651.28056,8.454027778,13,4.4,0,0,0
6/28/2020,10.43357416,47472.76243,4.980972222,13,0.1,0,0,0
6/29/2020,11.92169779,55352.44284,5.789444444,14.9,-0.6,0,0,0
6/30/2020,12.47639178,57840.55227,11.01909722,15.6,3.2,0,0,0
7/1/2020,12.39321354,57120.3212,13.78291667,18,10.9,0,0,0
7/2/2020,12.6398568,58408.77826,11.28131944,16.1,9.2,0,0,0
7/3/2020,13.0428476,60349.25585,7.763333333,9.6,6.1,0,0,0
7/4/2020,9.476756231,9429.37245,8.9525,14.3,4.6,0,0,0
7/5/2020,10.65326302,37307.72708,10.02576389,12.2,8.3,0,0,0
7/6/2020,13.04688268,60159.17602,9.791805556,12.5,7.3,0,0,0
7/7/2020,13.49113112,62180.62334,9.684097222,11.7,6.3,0,0,0
7/8/2020,13.36506689,61706.51383,7.754444444,15.4,2.3,0,0,0
7/9/2020,13.14799931,61006.71681,9.134166667,15.9,3.7,0,0,0
7/10/2020,13.15249401,60698.75987,9.923263889,16.5,5.3,0,0,0
7/11/2020,11.32222397,51935.04136,8.629166667,10.2,5.8,0,0,0
7/12/2020,11.22753489,50939.32581,9.843055556,13.1,8.1,0,0,0
7/13/2020,12.45107069,53651.66359,10.49097222,15.2,7.5,0,0,0
7/14/2020,12.79626361,58619.68358,9.472013889,13.8,6.8,0,0,0
7/15/2020,12.74365084,57843.43118,8.188472222,15.3,2.4,0,0,0
7/16/2020,12.89694138,59442.0028,7.03875,12.1,2.9,0,0,0
7/17/2020,12.83430492,59448.50039,5.880277778,11,2,0,0,0
7/18/2020,11.03802768,50984.64984,8.182361111,12.3,1.1,0,0,0
7/19/2020,10.91805784,47788.33917,11.49777778,14.6,8.4,0,0,0
7/20/2020,11.96369851,47926.57625,9.190138889,13.1,6,0,0,0
7/21/2020,11.29231654,41747.69424,9.051458333,12.8,6.6,0,0,0
7/22/2020,11.37792913,43588.8465,9.743541667,12.2,8.3,0,0,0
7/23/2020,11.5804658,43264.62024,8.794652778,10.5,6.1,0,0,0
7/24/2020,11.64270382,44824.4097,8.02875,13.1,3.1,0,0,0
7/25/2020,10.51305206,44344.05358,6.679722222,13.1,2.9,0,0,0
7/26/2020,13.53695179,14443.92756,8.536458333,12.2,4.9,0,0,0
7/27/2020,13.06576198,34924.78178,11.024375,13.1,9.5,0,0,0
7/28/2020,12.20040697,52876.56382,11.43493056,15.6,8.4,0,0,0
7/29/2020,12.27361553,56470.90504,10.71256944,16.3,7.4,0,0,0
7/30/2020,12.54123313,58254.0279,9.341111111,14.6,4.4,0,0,0
7/31/2020,12.6857477,58709.64036,8.085208333,16.4,0.6,0,0,0
8/1/2020,11.22548268,50840.21106,10.33097222,15.7,4.5,0,0,0
8/2/2020,11.17845636,50638.40733,10.97583333,17.2,4.4,0,0,0
8/3/2020,12.44439449,57343.76979,10.92868056,15.6,6.6,0,0,0
8/4/2020,12.47795625,57149.03963,6.141458333,9.7,3.2,0,0,0
8/5/2020,12.05050992,55685.40636,7.213958333,10.5,4.2,0,0,0
8/6/2020,12.09309459,55047.76659,7.107708333,12,2.9,0,0,0
8/7/2020,12.04692028,55464.02097,6.135416667,11.5,0.2,0,0,0
8/8/2020,10.62343759,48102.92543,11.70048611,16.2,8.9,0,0,0
8/9/2020,10.55791591,47985.72779,10.85381944,14.7,7.7,0,0,0
8/10/2020,11.84350971,54752.54539,8.884166667,16.3,2.3,0,0,0
8/11/2020,11.88712376,54894.73754,9.264305556,15.8,1.8,0,0,0
8/12/2020,11.65329817,54176.1832,12.13472222,15.4,9.4,0,0,0
8/13/2020,11.78611892,54440.08328,14.09652778,17.8,11.3,0,0,0
8/14/2020,11.80177507,54028.52628,12.60243056,16.9,9.9,0,0,0
8/15/2020,11.04673809,44319.51322,10.82645833,16,5.6,0,0,0
8/16/2020,10.96274788,41647.4792,11.69847222,14.8,8.6,0,0,0
8/17/2020,11.9421925,53035.2769,11.64104167,16.2,8,0,0,0
8/18/2020,11.75975144,54177.17488,11.86520833,15.9,9.2,0,0,0
8/19/2020,11.91565854,55777.19762,10.04638889,11.7,8.5,0,0,0
8/20/2020,11.78956351,54998.31378,11.06215278,15.4,8.4,0,0,0
8/21/2020,11.94565378,55332.2683,9.153333333,13.8,6.4,0,0,0
8/22/2020,10.58800829,49160.12251,6.817569444,10,5.1,0,0,0
8/23/2020,10.58417934,48814.23513,8.260138889,11.1,6.4,0,0,0
8/24/2020,12.12458232,56136.81614,7.6275,12.1,4.3,0,0,0
8/25/2020,12.16348762,56110.16837,7.675763889,13.1,1.6,0,0,0
8/26/2020,11.88945024,51291.08833,10.20652778,15.1,5.6,0,0,0
8/27/2020,12.024817,50408.03288,12.06555556,19.7,7.2,0,0,0
8/28/2020,11.5790761,48794.2267,10.53770833,16.8,5,0,0,0
8/29/2020,10.61167178,40685.14961,13.15881944,18,5.8,0,0,0
8/30/2020,10.28041183,42211.37099,14.98361111,19.7,8.7,0,0,0
8/31/2020,11.19790484,46303.33653,8.976111111,12.6,5.8,0,0,0
9/1/2020,11.75057967,50116.2223,10.06763889,15.5,3.5,0,0,0
9/2/2020,11.84629294,49517.50447,16.33451389,21.8,11.6,0,0,0
9/3/2020,11.79615471,49001.22666,14.87972222,19.4,11.8,0,0,0
9/4/2020,11.63588069,49417.58531,12.45423611,17,7.6,0,0,0
9/5/2020,10.44170792,44774.04355,12.3275,16.6,8.9,0,0,0
9/6/2020,10.89228162,45290.10697,12.02743056,18.5,4.3,0,0,0
9/7/2020,11.82993512,50099.77523,17.01076389,22.6,8.6,0,0,0
9/8/2020,11.7050405,51069.0917,17.00847222,21.1,10.3,0,0,0
9/9/2020,11.63403819,50142.70458,10.93513889,15.7,7.3,0,0,0
9/10/2020,11.65660924,49948.5706,11.86625,21.2,3.1,0,0,0
9/11/2020,11.63431682,47840.31078,15.52659722,20.1,11.5,0,0,0
9/12/2020,9.968436699,42186.42411,13.99291667,16.1,11.8,0,0,0
9/13/2020,10.36724212,44548.03937,13.18520833,17.2,9.5,0,0,0
9/14/2020,11.27840143,48891.87018,12.30347222,17.1,7.5,0,0,0
9/15/2020,11.23293242,46863.79406,11.35138889,18,6.4,0,0,0
9/16/2020,11.17922853,47724.1266,13.51791667,21.7,4.8,0,0,0
9/17/2020,9.605370532,21323.92258,12.66451389,16.2,9.8,0,0,0
9/18/2020,10.85865983,34595.69021,13.22798611,18.9,8.2,0,0,0
9/19/2020,10.5353742,45797.27165,18.87541667,25.3,11.3,0,0,0
9/20/2020,10.70104268,45565.03972,18.84041667,21.8,16.7,0,0,0
9/21/2020,11.47859014,50413.96789,16.82048611,20.3,13.5,0,0,0
9/22/2020,11.26600832,48995.87019,13.62527778,18.3,10.5,0,0,0
9/23/2020,11.33526321,49659.78813,11.39027778,15.9,8.4,0,0,0
9/24/2020,11.5264036,49067.90013,10.39756944,14.4,7.2,0,0,0
9/25/2020,11.56758471,49104.39709,7.278194444,12.9,5.4,0,0,0
9/26/2020,10.29419164,44553.2614,9.314444444,13.7,5.5,0,0,0
9/27/2020,10.6122309,45621.98065,9.795277778,14,6.1,0,0,0
9/28/2020,12.17958433,55380.56995,8.776805556,15.1,3.4,0,0,0
9/29/2020,12.28461014,56226.66059,11.686875,20.7,1.6,0,0,0
9/30/2020,12.31410073,57174.36968,15.05611111,19.5,10.8,0,0,0
10/1/2020,12.17209232,55577.77355,13.47527778,18.8,7.1,0,0,0
10/2/2020,12.29205936,56248.46361,19.69506944,25.2,13.2,0,0,0
10/3/2020,11.25355417,51721.33498,23.28659722,28.6,15.7,0,0,0
10/4/2020,10.48450953,44779.34022,18.70268116,29.5,12.4,0,0,0
10/5/2020,11.69169432,55173.10548,10.13194444,12.5,7.6,0,0,0
10/6/2020,11.85313494,55294.87448,10.07173611,12.6,8.3,0,0,0
10/7/2020,11.89097382,55078.99073,12.08277778,15.5,9.3,0,0,0
10/8/2020,11.90885705,55697.72442,14.63180556,16.9,12.9,0,0,0
10/9/2020,11.7814011,55136.95717,12.79965278,16.2,10.3,0,0,0
10/10/2020,10.86065467,48775.20013,14.11027778,20,10,0,0,0
10/11/2020,10.81158881,47570.99075,12.84694444,16.9,8.5,0,0,0
10/12/2020,12.39236347,56657.88577,14.25388889,23.4,3.5,0,0,0
10/13/2020,12.00353106,55204.23936,14.44402778,17.4,11.7,0,0,0
10/14/2020,12.18830044,55115.4946,16.51263889,25.6,12,0,0,0
10/15/2020,12.00321883,55598.90962,17.82604167,23.7,11.3,0,0,0
10/16/2020,11.9441117,53784.33497,13.00763889,18.9,8.2,0,0,0
10/17/2020,10.41388083,46508.39179,15.34555556,18.5,11.1,0,0,0
10/18/2020,10.38842056,46041.47993,12.01131944,16,9.7,0,0,0
10/19/2020,11.38751649,51255.21172,11.57333333,16.1,6.5,0,0,0
10/20/2020,11.83190568,52533.66124,11.45763889,18.3,4.3,0,0,0
10/21/2020,11.76321073,53310.87103,13.67145833,19.4,10.2,0,0,0
10/22/2020,11.86135259,53506.56153,13.90159722,20.8,6.5,0,0,0
10/23/2020,11.2816969,51794.27046,15.91305556,21.4,11.4,0,0,0
10/24/2020,10.11465515,45354.11368,12.51826389,15.6,9.4,0,0,0
10/25/2020,10.27559809,44976.29284,10.62680556,14.1,7.5,0,0,0
10/26/2020,11.65431599,51954.94067,13.123125,18.1,8.4,0,0,0
10/27/2020,11.66557571,52530.08742,14.29631944,19.8,9.4,0,0,0
10/28/2020,11.95379186,54258.26124,14.96076389,22.4,8,0,0,0
10/29/2020,11.82516523,54478.53622,15.86097222,23.7,9.2,0,0,0
10/30/2020,11.79168901,54442.22816,15.74916667,20.5,12.7,0,0,0
10/31/2020,9.652185848,44728.22922,14.14805556,18,12.4,0,0,0
11/1/2020,10.44408806,46100.2047,14.36173611,19.5,11.1,0,0,0
11/2/2020,12.13484185,55431.95756,18.10722222,28.4,7.6,0,0,0
11/3/2020,12.48464338,57753.96029,22.25333333,29.9,12.3,0,0,0
11/4/2020,12.25489062,57977.8875,18.17986111,24.9,11.1,0,0,0
11/5/2020,11.63398505,54226.0043,11.72736111,15.7,9,0,0,0
11/6/2020,11.595447,54382.64645,11.924375,16.3,7,0,0,0
11/7/2020,10.59205108,48448.04165,12.30861111,16.7,8.6,0,0,0
11/8/2020,10.99900655,49242.55233,14.25340278,22.5,6,0,0,0
11/9/2020,12.50014164,56838.14404,19.52458333,27.9,9.1,0,0,0
11/10/2020,13.48453916,60397.25091,23.25930556,31.1,13.1,0,0,0
11/11/2020,13.57842029,64144.45747,22.88215278,27.5,18.2,0,0,0
11/12/2020,13.4436691,61746.77219,21.18763889,24.8,18.2,0,0,0
11/13/2020,12.24023394,57247.57415,16.99409722,21.8,13.8,0,0,0
11/14/2020,10.86658593,50290.55968,16.48763889,22.7,12.4,0,0,0
11/15/2020,10.75320201,50561.55584,22.02805556,31.8,10.2,0,0,0
11/16/2020,12.97813854,58946.70524,22.17506944,31.5,13,0,0,0
11/17/2020,12.18907186,56788.88578,15.59951389,21.9,9.6,0,0,0
11/18/2020,12.8028124,58713.69766,19.26083333,29.1,8.2,0,0,0
11/19/2020,13.65431865,61963.29803,24.98631944,34,13.1,0,0,0
11/20/2020,13.00254414,59200.58349,19.24979167,27.5,13.8,0,0,0
11/21/2020,11.59756927,54218.63635,19.66881944,26.8,11.9,0,0,0
11/22/2020,11.89364417,55590.89284,21.09493056,28.3,17.8,0,0,0
11/23/2020,12.98865595,61709.10441,16.65131944,19.1,14.5,0,0,0
11/24/2020,12.7581245,59708.02268,16.40958333,21.1,12.7,0,0,0
11/25/2020,13.59800132,62374.03206,20.91326389,30.9,11,0,0,0
11/26/2020,13.04969726,60028.60738,17.41722222,21.6,12.2,0,0,0
11/27/2020,13.16191777,60676.44094,22.16854167,35.3,7.6,0,0,0
11/28/2020,11.58262941,54600.51504,19.53909722,24.1,16.5,0,0,0
11/29/2020,10.96760446,51690.31981,15.77416667,19.6,11.9,0,0,0
11/30/2020,12.50196047,57546.52406,19.14305556,30,9.5,0,0,0
12/1/2020,12.90451028,60289.87202,21.10742049,26.4,14.5,0,0,0
12/2/2020,12.29442516,56554.35574,14.68958333,19.4,10.2,0,0,0
12/3/2020,12.72014364,57482.32909,16.16041667,25.9,7,0,0,0
12/4/2020,12.72301647,58067.84719,16.74166667,23.9,10,0,0,0
12/5/2020,11.4461114,54357.58302,18.58148148,27.6,11.6,0,0,0
12/6/2020,10.85374976,51012.62386,15.614,20.5,12,0,0,0
12/7/2020,12.02998139,56625.12241,13.706,17,10.7,0,0,0
12/8/2020,12.39013456,58419.48447,13.18333333,16.4,9.6,0,0,0
12/9/2020,12.76008196,58492.21569,17.00833333,24,10.9,0,0,0
12/10/2020,12.41807037,56936.85263,14.96041667,18.6,11.6,0,0,0
12/11/2020,12.65533253,57619.729,16.32916667,23.9,8.4,0,0,0
12/12/2020,11.90879263,53518.11407,19.86458333,29.1,9.6,0,0,0
12/13/2020,11.92484111,54472.6742,22.97305556,30.3,14.5,0,0,0
12/14/2020,13.64225783,61417.44473,25.51791667,34.2,14.7,0,0,0
12/15/2020,14.01180234,63557.53543,22.61618056,35.2,16.7,0,0,0
12/16/2020,13.34485283,61493.08186,18.88291667,25.8,14.9,0,0,0
12/17/2020,13.91075484,64726.74226,20.75,30.4,14.9,0,0,0
12/18/2020,12.43506402,57760.87237,15.42013889,19.3,11.7,0,0,0
12/19/2020,11.30090533,51204.40204,14.52611111,21.1,9.7,0,0,0
12/20/2020,11.68903356,50847.296,14.82493056,21.5,6.9,0,0,0
12/21/2020,12.04940224,56367.10366,15.64604167,23,8,0,0,0
12/22/2020,11.5010915,54963.71626,15.21416667,19.6,13.3,0,0,0
12/23/2020,10.88351147,49226.12237,16.09951389,21.4,12.7,0,0,0
12/24/2020,10.3548041,45467.94482,15.85381944,20.5,13,0,0,0
12/25/2020,10.40491708,45344.62864,15.51590278,22,10.7,0,0,0
12/26/2020,10.53227381,44762.16369,20.03361111,29.9,8.9,0,0,0
12/27/2020,9.774132527,45136.94401,20.53215278,32,11.2,0,0,0
12/28/2020,10.29326649,45578.58403,14.24152778,19.1,10.1,0,0,0
12/29/2020,10.74250595,46643.96082,15.80013889,23.1,7.8,0,0,0
12/30/2020,10.87616601,47594.10244,18.00756944,24.9,12.6,0,0,0
12/31/2020,10.10600464,46871.64951,17.75909722,22,14.8,0,0,0
1/1/2021,11.25103902,48829.50934,21.87604167,30,14.2,1,0,0
1/2/2021,10.3231034,46154.5953,21.23145833,29.7,16.8,0,0,0
1/3/2021,10.49983507,46619.26773,19.59145833,27.7,16.5,0,0,0
1/4/2021,11.02118988,51270.57531,16.29840278,18,15.2,0,0,0
1/5/2021,11.07274058,52761.60885,16.82770833,19.3,15.4,0,0,0
1/6/2021,10.78645472,50146.22798,15.89715278,19.6,13,0,0,0
1/7/2021,12.16539491,53588.56456,19.48569444,26.2,13,0,0,0
1/8/2021,12.26130594,49229.14334,19.70923611,28.2,11.2,0,0,0
1/9/2021,11.3327295,49127.3824,22.80034722,31.5,14.8,0,0,0
1/10/2021,11.4898203,51370.98656,24.50027778,35.3,14.5,0,0,0
1/11/2021,12.7274755,58190.01798,28.77145833,37,17.8,0,0,0
1/12/2021,12.01680718,54075.6323,19.77979167,23.8,14.3,0,0,0
1/13/2021,12.13820023,55204.53463,21.24541667,35,10.3,0,0,0
1/14/2021,11.52018307,53453.64943,18.17444444,23.7,14.2,0,0,0
1/15/2021,11.00664036,50751.61868,15.09104167,20.6,9.5,0,0,0
1/16/2021,9.498944035,43030.21648,14.90909722,20.7,9.8,0,0,0
1/17/2021,10.36575935,45101.41894,16.29083333,22.6,11.8,0,0,0
1/18/2021,11.63070709,53233.74636,17.09798611,24.3,13.3,0,0,0
1/19/2021,11.75991681,53272.42315,16.07340278,21,12,0,0,0
1/20/2021,12.17786009,54581.16891,17.72555556,26.1,8.4,0,0,0
1/21/2021,12.70733329,57233.82913,22.79222222,34.9,10.9,0,0,0
1/22/2021,12.29233924,55844.09717,20.86055556,29.3,14.5,0,0,0
1/23/2021,10.92194465,48984.92175,21.766875,31.9,13.8,0,0,0
1/24/2021,10.68164546,47949.90645,27.22236111,38.7,15.4,0,0,0
1/25/2021,12.74582494,59268.08599,28.00923611,40.8,19.9,0,0,0
1/26/2021,11.17805259,52514.49108,18.16645833,20.4,14.3,0,0,0
1/27/2021,12.31319806,55618.71563,18.61229167,26.4,12.9,0,0,0
1/28/2021,12.29780516,57541.43034,20.39986111,24.5,16,0,0,0
1/29/2021,12.5968539,60288.54276,18.90618056,20.4,17.6,0,0,0
1/30/2021,10.95174242,50673.71219,18.45486111,24.3,15.9,0,0,0
1/31/2021,11.01570236,49372.37798,18.66263889,24.4,14.7,0,0,0
2/1/2021,12.02973009,56527.70167,16.47583333,22.1,11.7,0,0,0
2/2/2021,12.02967794,56226.71471,15.94541667,20,13,0,0,0
2/3/2021,12.91318711,59413.57388,18.38027778,26.3,11.5,0,0,0
2/4/2021,13.51959128,63460.96149,21.83083333,30.5,11.4,0,0,0
2/5/2021,13.94460398,65316.52506,23.01534722,30.1,17,0,0,0
2/6/2021,10.98852581,50624.13841,19.50875,26,15.3,0,0,0
2/7/2021,10.65147816,48847.67884,16.53041667,20.4,14.4,0,0,0
2/8/2021,12.21136712,57283.52314,16.11722222,20.3,13.9,0,0,0
2/9/2021,12.67022837,56572.56967,18.80826389,27.6,11.2,0,0,0
2/10/2021,12.85609231,55564.03097,22.52402778,33.6,12.3,0,0,0
2/11/2021,13.8019475,60894.19235,25.87854167,33.1,16.7,0,0,0
2/12/2021,13.15539643,57528.54859,19.96284722,25.3,16.9,0,0,0
2/13/2021,10.74585926,46196.44898,17.46472222,22.1,13.6,0,0,0
2/14/2021,10.66228251,45591.92,16.02916667,22.4,10.2,0,0,0
2/15/2021,11.91202081,51471.8419,18.83548611,28,12,0,0,0
2/16/2021,12.61094534,55160.27492,22.67243056,31.4,13.8,0,0,0
2/17/2021,13.14661719,56793.38627,24.156875,32.4,15.1,0,0,0
2/18/2021,13.93795023,59877.4342,24.56055556,31.7,16.4,0,0,0
2/19/2021,14.04460768,58116.5866,26.08465278,32.8,18.8,0,0,0
2/20/2021,12.16799811,50424.18418,23.06951389,30,18.9,0,0,0
2/21/2021,11.39499825,48257.81758,18.75048611,21.9,16.9,0,0,0
2/22/2021,12.70667345,52834.34819,17.58041667,23.3,14.9,0,0,0
2/23/2021,12.92133127,53817.34473,15.69666667,20.3,12.4,0,0,0
2/24/2021,13.20932203,55743.33897,14.98,22.8,8,0,0,0
2/25/2021,12.65932358,54928.80502,15.40034722,25.2,7.4,0,0,0
2/26/2021,12.37482639,54808.10608,15.32930556,21.1,12.3,0,0,0
2/27/2021,10.44155896,44825.61261,14.25631944,19.9,8.8,0,0,0
2/28/2021,11.21454267,47695.44997,18.65555556,30.1,7.9,0,0,0
3/1/2021,12.76639404,56555.1256,17.38340278,22.4,13.5,0,0,0
3/2/2021,12.4330835,54531.50425,14.76381944,19.4,11.5,0,0,0
3/3/2021,12.03042441,51093.21246,15.10340278,18.6,13.5,0,0,0
3/4/2021,12.45456254,55123.89381,16.34916667,20.7,13.2,0,0,0
3/5/2021,12.31461028,54282.80212,15.38715278,18.2,13.7,0,0,0
3/6/2021,11.56064733,49317.72153,16.33798611,21.9,13.3,0,0,0
3/7/2021,11.25752243,48891.41992,18.93826389,30.3,8.9,0,0,0
3/8/2021,12.42593141,53729.7274,16.80791667,20.9,13.7,0,0,0
3/9/2021,12.87777644,55425.9498,15.59722222,21.2,12.9,0,0,0
3/10/2021,12.79267031,53754.80066,16.52006944,23.6,10.6,0,0,0
3/11/2021,13.04225497,55938.23157,17.69652778,27.2,9.7,0,0,0
3/12/2021,13.47753742,57697.33768,21.96819444,30.6,14.4,0,0,0
3/13/2021,11.15413903,47070.4667,19.60381944,26.5,12.6,0,0,0
3/14/2021,10.85394574,45608.27998,13.42923611,18.7,9.8,0,0,0
3/15/2021,12.22719982,52552.50483,14.42451389,22.5,6.5,0,0,0
3/16/2021,12.72066824,52943.42121,18.03875,24.4,14.5,0,0,0
3/17/2021,12.91278517,54091.65709,19.29513889,28.3,12,0,0,0
3/18/2021,13.4102873,58656.59665,18.66395833,27,11.8,0,0,0
3/19/2021,13.21384424,58352.33618,19.03201389,28.3,12.5,0,0,0
3/20/2021,11.51754979,50550.52602,18.62576389,25.8,12.3,0,0,0
3/21/2021,11.30081903,50401.65288,18.50083333,20.9,16.3,0,0,0
3/22/2021,13.28748316,59607.64946,18.94993056,23.9,16.7,0,0,0
3/23/2021,13.50947793,60454.91374,18.70222222,22.1,17.4,0,0,0
3/24/2021,14.01037813,60650.92694,18.05756944,21.3,15.9,0,0,0
3/25/2021,13.81297523,60763.27805,16.74,21.6,13.5,0,0,0
3/26/2021,13.43798963,58871.83257,15.67215278,21,8.6,0,0,0
3/27/2021,11.65011155,51342.04158,16.78875,21.9,12.9,0,0,0
3/28/2021,11.70510922,51806.81342,14.67111111,20.3,8.8,0,0,0
3/29/2021,13.21307588,57093.70088,15.16979167,19.2,10.9,0,0,0
3/30/2021,13.43723317,58102.59621,13.34979167,20.7,6.8,0,0,0
3/31/2021,13.15674052,57297.60496,16.56875,25,10.5,0,0,0
4/1/2021,13.59191413,59029.68307,19.48340278,29.5,10.1,0,0,0
4/2/2021,12.56697993,55005.67115,20.42194444,31.5,10.6,0,0,0
4/3/2021,11.77533403,51128.50035,22.34833333,31.3,13,0,0,0
4/4/2021,11.75013252,50831.0733,19.58791667,28.3,13.7,0,0,0
4/5/2021,12.05064904,53155.4129,16.17180556,20.7,11.8,0,0,0
4/6/2021,11.81005289,52637.40575,15.45194444,19.6,11.2,0,0,0
4/7/2021,12.82283308,57151.36704,17.645,24.5,14,0,0,0
4/8/2021,13.63550651,60568.9199,21.73215278,30,14.5,0,0,0
4/9/2021,12.55588974,54316.77902,14.84770833,19.4,12.7,0,0,0
4/10/2021,11.24402125,49507.42558,12.65854167,18.2,7.9,0,0,0
4/11/2021,11.08698092,48017.71437,9.652222222,14.1,7,0,0,0
4/12/2021,13.44550838,58729.98062,11.87541667,17.2,8.2,0,0,0
4/13/2021,13.43615735,58514.46524,13.49708333,20.4,5.5,0,0,0
4/14/2021,13.9147507,59151.60523,17.73666667,21.5,12.2,0,0,0
4/15/2021,13.30915682,55871.84033,14.69277778,20.5,11.4,0,0,0
4/16/2021,13.24258947,57539.05123,12.15527778,14.6,10,0,0,0
4/17/2021,11.2916771,48136.41949,13.51152778,17.6,11.3,0,0,0
4/18/2021,11.64890517,51919.17035,14.70208333,18.1,11.3,0,0,0
4/19/2021,13.67613097,58533.84054,15.74694444,20.4,11.6,0,0,0
4/20/2021,13.99067526,59180.55635,12.69402778,18.2,7,0,0,0
4/21/2021,14.46718838,60414.97869,10.06375,15.1,6.2,0,0,0
4/22/2021,14.46140744,60680.06563,13.27625,17.2,9.8,0,0,0
4/23/2021,14.43549378,60080.52511,13.68006944,16.6,10.9,0,0,0
4/24/2021,12.56866999,51770.35169,13.74972222,17.4,11,0,0,0
4/25/2021,12.50946311,51301.3082,12.69486111,17,8.5,0,0,0
4/26/2021,13.80939548,56728.99663,13.061875,17,9.9,0,0,0
4/27/2021,14.97015145,61347.68065,13.00173611,17,11.1,0,0,0
4/28/2021,15.0639066,61295.03594,11.64548611,18.2,5.4,0,0,0
4/29/2021,15.11481006,61214.98076,12.64611111,20.6,5.8,0,0,0
4/30/2021,14.97833994,61276.3887,14.86444444,24.4,7.4,0,0,0
5/1/2021,13.17845661,53952.60138,15.67770833,25.1,7.6,0,0,0
5/2/2021,12.7996764,52440.27421,18.40576389,25.7,12.2,0,0,0
5/3/2021,14.53112698,59199.8113,13.96222222,18,11.3,0,0,0
5/4/2021,14.47785432,58591.87645,11.52930556,15.2,8.7,0,0,0
5/5/2021,14.54047469,59019.78676,11.44513889,17,6.4,0,0,0
5/6/2021,14.51822915,58610.09107,12.12506944,20.8,5,0,0,0
5/7/2021,14.29806768,58507.69295,14.08840278,21.4,7.8,0,0,0
5/8/2021,12.47125234,51281.78962,13.63208333,19.5,8.8,0,0,0
5/9/2021,12.38323674,50498.83944,14.56715278,20.6,10.3,0,0,0
5/10/2021,14.73059356,60719.50664,13.82305556,17,10.5,0,0,0
5/11/2021,15.09361121,61597.02733,11.52951389,15.7,9.6,0,0,0
5/12/2021,14.99411606,61086.02881,11.060625,17.8,5.7,0,0,0
5/13/2021,14.97650543,61194.00117,9.909305556,17,5.5,0,0,0
5/14/2021,14.70885762,60218.06308,10.50159722,14.5,6.6,0,0,0
5/15/2021,12.79404773,52327.6552,8.860208333,12.7,5.3,0,0,0
5/16/2021,12.77491406,52338.82289,10.81965278,14.9,5.2,0,0,0
5/17/2021,14.92516798,60849.90987,11.28493056,14.7,8.2,0,0,0
5/18/2021,15.23097359,61776.8289,11.58423611,15.5,8.2,0,0,0
5/19/2021,15.19663235,61956.67009,12.70659722,17.7,7.9,0,0,0
5/20/2021,15.34627081,63011.78793,13.39,16.7,10.3,0,0,0
5/21/2021,14.9197003,60902.21661,9.605,17.6,4.6,0,0,0
5/22/2021,12.70551372,52054.4897,8.828125,18.8,0.1,0,0,0
5/23/2021,12.46941344,47919.95584,9.931597222,20.1,2.5,0,0,0
5/24/2021,14.42251803,56839.14356,12.3675,19.5,5.1,0,0,0
5/25/2021,14.51947091,60110.60958,16.08305556,20.8,11.6,0,0,0
5/26/2021,14.65174234,60482.3924,11.39,14.3,7.7,0,0,0
5/27/2021,14.56901007,60155.44257,11.08375,14.6,7.8,0,0,0
5/28/2021,13.75643092,56731.52112,10.77986111,13,9.6,0,0,0
5/29/2021,12.11582279,46512.6437,9.740902778,13.4,3.6,0,0,0
5/30/2021,12.40566415,48506.14684,5.443819444,13.5,-0.2,0,0,0
5/31/2021,13.58778228,54269.60241,6.899444444,15.5,-0.4,0,0,0
6/1/2021,13.44672988,55024.01867,9.938819444,15.2,5.2,0,0,0
6/2/2021,13.43129908,54987.73845,11.86229167,20.1,5.7,0,0,0
6/3/2021,13.46383391,55444.06805,12.28194444,17,9.2,0,0,0
6/4/2021,13.38070205,55275.68015,9.889930556,13,4.9,0,0,0
6/5/2021,11.79861545,48397.92059,7.638611111,11.7,0.8,0,0,0
6/6/2021,11.78770599,48553.56098,11.40770833,14.6,10,0,0,0
6/7/2021,13.23452344,54433.59489,13.87402778,16.5,11.4,0,0,0
6/8/2021,13.43806061,55122.92464,9.683958333,14.3,7.8,0,0,0
6/9/2021,13.0623065,28188.45743,9.556944444,12.1,6.4,0,0,0
6/10/2021,16.45340615,1579.52699,12.29506944,14.2,6.9,0,0,0
6/11/2021,13.82698207,48836.90067,9.220486111,14.3,3.7,0,0,0
6/12/2021,11.63560897,47787.44605,12.16659722,15.4,10.6,0,0,0
6/13/2021,11.70346781,48183.17698,12.07631944,16,10.2,0,0,0
6/14/2021,12.65440293,52174.10327,10.93895833,16,7.8,0,0,0
6/15/2021,13.75039478,56582.8745,9.712916667,14.4,4.7,0,0,0
6/16/2021,13.81204566,57209.49314,11.38208333,14.9,8.2,0,0,0
6/17/2021,13.85903788,57320.98068,9.610416667,13.1,6.7,0,0,0
6/18/2021,13.61324733,56467.74991,9.185,13,4.7,0,0,0
6/19/2021,11.75139574,48603.77278,10.78069444,15.1,7.4,0,0,0
6/20/2021,11.48813533,47055.4023,8.034305556,15.1,2.7,0,0,0
6/21/2021,13.47362742,55053.24162,7.235416667,15.2,0.9,0,0,0
6/22/2021,13.88119273,57232.15761,8.297430556,15.4,1.4,0,0,0
6/23/2021,14.12605671,58566.63111,13.35298611,14.8,11.7,0,0,0
6/24/2021,14.05879521,58020.64785,12.50958333,16.6,9.5,0,0,0
6/25/2021,14.00334496,58001.85482,10.84493056,12.2,9.5,0,0,0
6/26/2021,11.86962793,49175.86851,10.04555556,13.8,7.8,0,0,0
6/27/2021,11.91761179,49315.0776,11.42548611,15.5,8.6,0,0,0
6/28/2021,13.79824894,56710.80316,8.288402778,15.5,3.6,0,0,0
6/29/2021,14.19700905,50129.63894,7.941875,16.8,0.7,0,0,0
6/30/2021,14.01573017,54549.22182,7.935643564,17,5.7,0,0,0
7/1/2021,13.80658617,56703.64938,11.94375,16.9,7.8,0,0,0
7/2/2021,13.6436622,56552.97982,10.61875,14,7.3,0,0,0
7/3/2021,11.71165556,48451.11907,7.595833333,9.9,5.4,0,0,0
7/4/2021,11.86469148,49048.63459,8.512244898,12.1,6.1,0,0,0
7/5/2021,14.1673497,58468.65221,7.433333333,12.8,2.2,0,0,0
7/6/2021,14.1884217,58711.68898,8.447916667,11.8,5.5,0,0,0
7/7/2021,14.17756609,58496.63767,8.34375,12.1,5.1,0,0,0
7/8/2021,14.0405557,57650.52171,5.589583333,12,0.2,0,0,0
7/9/2021,14.43362645,48439.25038,5.333333333,12.8,-0.3,0,0,0
7/10/2021,19.23439868,1750.33028,6.727083333,13.4,0.2,0,0,0
7/11/2021,11.35049241,42587.04754,9.877083333,16,5,0,0,0
7/12/2021,13.35256359,52595.748,12.30416667,15.8,10.3,0,0,0
7/13/2021,14.01501962,57938.0911,11.07708333,13.9,8.1,0,0,0
7/14/2021,14.01038463,57960.96122,11.32916667,13.3,9.2,0,0,0
7/15/2021,13.84376883,57299.3592,12.61875,15.3,10.6,0,0,0
7/16/2021,13.26552459,54773.35103,11.425,13.8,9.5,0,0,0
7/17/2021,11.70876077,48333.76447,9.291666667,11.7,7.2,0,0,0
7/18/2021,11.84359278,48381.07652,10.48958333,13.1,8.8,0,0,0
7/19/2021,13.47864278,55235.47811,9.945833333,12.3,8.1,0,0,0
7/20/2021,13.53801261,55465.23767,8.760784314,10.5,5.5,0,0,0
7/21/2021,13.6053728,55958.89831,8.108333333,12,4.7,0,0,0
7/22/2021,13.44749405,55255.75307,7.925,11.5,4,0,0,0
7/23/2021,13.45182519,55233.19421,8.547916667,10.1,6.9,0,0,0
7/24/2021,11.55037991,47518.26297,9.516,13.4,7.4,0,0,0
7/25/2021,11.74566196,48262.92501,8.625,11.2,5.3,0,0,0
7/26/2021,13.36434301,55141.27925,12.44791667,15.5,9.5,0,0,0
7/27/2021,13.30083288,54812.73228,13.59591837,16.1,8.5,0,0,0
7/28/2021,13.8168809,56994.63373,12.98392857,17,7.7,0,0,0
7/29/2021,13.95716819,57168.5609,9.379166667,13.9,6.3,0,0,0
7/30/2021,14.35549959,43870.40675,11.52407407,14.5,7.2,0,0,0
7/31/2021,12.26677681,49704.97965,13.40408163,18.1,9.1,0,0,0
8/1/2021,12.24255235,50329.1327,9.588679245,14.5,5.4,0,0,0
8/2/2021,14.22003099,58159.92673,8.976470588,14.9,1,0,0,0
8/3/2021,14.34708157,58636.52237,9.942857143,13.7,6.8,0,0,0
8/4/2021,14.3577153,59254.29106,10.35208333,14.4,7.2,0,0,0
8/5/2021,14.18727035,58536.67746,11.59375,15.3,7.8,0,0,0
8/6/2021,13.39576457,54976.2178,11.65,13.2,10.2,0,0,0
8/7/2021,11.65707963,48190.36718,11.1125,13.9,7.7,0,0,0
8/8/2021,11.71609263,47895.38667,9.654166667,15.5,4.3,0,0,0
8/9/2021,13.30491278,54590.05715,9.797916667,16.2,5,0,0,0
8/10/2021,13.54154067,54694.28276,13.27647059,17.3,7.2,0,0,0
8/11/2021,13.50124792,54288.5179,14.43269231,18.4,8.9,0,0,0
8/12/2021,13.58484928,54203.54864,11.47916667,16,8.3,0,0,0
8/13/2021,13.4691211,54549.94044,11.77083333,17.1,7.9,0,0,0
8/14/2021,11.74130108,47552.26936,10.45416667,16.8,4,0,0,0
8/15/2021,12.02101798,48841.39605,13.86122449,18.3,9.9,0,0,0
8/16/2021,13.34778454,55006.22007,11.37346939,13.6,9.5,0,0,0
8/17/2021,13.5216852,51531.14229,10.83333333,13.4,9.1,0,0,0
8/18/2021,13.30392757,54173.59308,11.09791667,14.4,8.6,0,0,0
8/19/2021,13.50955943,55321.64585,11.13125,16.3,6,0,0,0
8/20/2021,13.44079574,55429.84162,12.47346939,16.2,7.7,0,0,0
8/21/2021,12.15047188,49586.07575,14.91041667,19.4,10.8,0,0,0
8/22/2021,12.07678943,48898.92042,16.34313725,21.6,10.7,0,0,0
8/23/2021,12.95344934,53303.44404,11.648,17.8,7,0,0,0
8/24/2021,13.36367997,55191.99826,8.335416667,12.2,5.1,0,0,0
8/25/2021,13.26357963,54632.6845,9.016666667,13.7,5.5,0,0,0
8/26/2021,13.38939466,54976.85448,7.689583333,12.4,4.1,0,0,0
8/27/2021,13.25121125,54369.71975,7.465909091,13,2.2,0,0,0
8/28/2021,12.15131459,49079.15962,14.49655172,17.7,8.6,0,0,0
8/29/2021,11.69819587,47892.4139,10.88958333,15.8,5.9,0,0,0
8/30/2021,13.39023584,54846.40599,10.73958333,16.6,4.7,0,0,0
8/31/2021,13.27625644,54326.44137,15.58431373,19.8,10.9,0,0,0
9/1/2021,13.53174134,55155.3777,16.50416667,23.6,7.9,0,0,0
9/2/2021,13.85545172,56627.23118,21.4,25.5,17.2,0,0,0
9/3/2021,13.52030351,55852.37381,18.6490566,23.9,10.2,0,0,0
9/4/2021,11.63523572,47704.46645,10.79166667,13.7,9.3,0,0,0
9/5/2021,11.57158921,47362.51462,10.21041667,13.1,7.9,0,0,0
9/6/2021,13.4061244,54750.61206,11.35,15.4,8.4,0,0,0
9/7/2021,13.21220515,54209.67773,12.07708333,15.5,9.7,0,0,0
9/8/2021,13.46331163,54943.77475,13.58541667,18.3,8.7,0,0,0
9/9/2021,13.64535439,55741.27269,17.14814815,24.2,12.6,0,0,0
9/10/2021,13.09806202,53361.50468,13.85416667,17.8,9.9,0,0,0
9/11/2021,11.69579937,46677.93527,18.01764706,22.5,14.7,0,0,0
9/12/2021,11.55159778,47026.55458,11.60204082,15.7,7.8,0,0,0
9/13/2021,13.24398888,54247.37846,9.289583333,14.4,6,0,0,0
9/14/2021,13.19884496,53442.12326,9.725,15.3,4.2,0,0,0
9/15/2021,13.25228098,52757.33058,8.870833333,15.5,2.1,0,0,0
9/16/2021,13.28015386,53452.61928,9.672916667,17.5,1.9,0,0,0
9/17/2021,13.08828315,53583.4312,13.63333333,20.9,4.2,0,0,0
9/18/2021,11.50701753,46971.64554,12.65849057,16,7.5,0,0,0
9/19/2021,11.26465742,46128.77213,12.86153846,16.9,8,0,0,0
9/20/2021,13.02329681,53695.05276,9.5875,14.6,5.4,0,0,0
9/21/2021,13.01767096,53619.78669,8.597916667,13.2,5.4,0,0,0
9/22/2021,12.98125082,53443.80961,12.43958333,17.9,9.4,0,0,0
9/23/2021,13.26239467,53938.15912,14.06666667,19.4,8.2,0,0,0
9/24/2021,12.47302781,51289.09034,13.82075472,18.2,9,0,0,0
9/25/2021,11.4639558,46279.98957,9.045833333,12.7,5.2,0,0,0
9/26/2021,12.00776539,48019.0538,9.016666667,15.8,2,0,0,0
9/27/2021,13.35026279,53828.25955,11.05208333,18.6,2.6,0,0,0
9/28/2021,13.16374375,53431.63588,14.03333333,23.3,4.6,0,0,0
9/29/2021,12.7887116,52267.46432,14.375,18.9,11.4,0,0,0
9/30/2021,12.70889395,52398.76977,14.51458333,18.3,12.7,0,0,0
10/1/2021,12.97426935,52416.04819,15.89782609,20.3,12.8,0,0,0
10/2/2021,11.13031006,45556.35907,14.53541667,18.1,13.1,0,0,0
10/3/2021,11.36735023,43832.5025,15.54782609,20.8,12.3,0,0,0
10/4/2021,12.60501195,51453.65879,13.65102041,17.1,10.8,0,0,0
10/5/2021,12.48463583,51174.52228,12.70185185,16.9,9.8,0,0,0
10/6/2021,13.17753983,52209.41282,13.80416667,20.3,5.9,0,0,0
10/7/2021,12.89131488,52777.04311,11.948,17.2,7.9,0,0,0
10/8/2021,13.17670369,53181.17609,12.64166667,20.4,4.7,0,0,0
10/9/2021,11.92989214,48029.74577,16.97083333,23.9,11.2,0,0,0
10/10/2021,11.62152564,46846.36986,11.64081633,14.8,7.7,0,0,0
10/11/2021,12.92986734,53025.38598,9.429166667,13.7,5.7,0,0,0
10/12/2021,13.11924966,53290.3921,11.96666667,20.1,2.8,0,0,0
10/13/2021,12.90064084,52737.81975,13.82040816,18.1,9.3,0,0,0
10/14/2021,13.16896192,52478.31325,12.39591837,19.1,6.8,0,0,0
10/15/2021,12.71861509,52362.53833,11.24081633,17.4,7.9,0,0,0
10/16/2021,11.00148141,44489.99083,12.20961538,15.1,10.6,0,0,0
10/17/2021,11.19836843,44782.27537,13.04791667,17.5,10,0,0,0
10/18/2021,12.5281328,51340.28822,12.42083333,16.3,8,0,0,0
10/19/2021,12.7364596,52041.17393,12.01875,15.6,8,0,0,0
10/20/2021,13.25208386,53246.87296,15.30416667,23.8,6.7,0,0,0
10/21/2021,13.25519266,53710.04064,18.24583333,24.6,12.3,0,0,0
10/22/2021,13.47038812,54487.71994,18.70625,26.7,13.5,0,0,0
10/23/2021,11.23826817,45784.70453,12.99791667,15.4,11.4,0,0,0
10/24/2021,11.65112477,46744.31258,11.46458333,14.8,8.5,0,0,0
10/25/2021,12.97827269,52665.83056,11.59791667,15.7,8.6,0,0,0
10/26/2021,13.1857499,52690.25661,12.0875,20.4,3,0,0,0
10/27/2021,13.27537154,52782.87725,17.23333333,25.7,6.9,0,0,0
10/28/2021,13.30371985,54252.56954,17.71896552,26.7,13.8,0,0,0
10/29/2021,12.17649676,49692.28329,13.91147541,22,8.4,0,0,0
10/30/2021,11.04404273,44706.28498,10.07708333,14.4,4.8,0,0,0
10/31/2021,11.70111676,45599.25201,13.10416667,20.5,5.1,0,0,0
11/1/2021,12.89115107,51912.66534,16.08125,24.8,6.5,0,0,0
11/2/2021,13.1659207,53084.99227,20.02708333,28.6,9.2,0,0,0
11/3/2021,13.03819263,54434.45424,20.2875,24.2,14.8,0,0,0
11/4/2021,13.09453475,53163.81109,14.975,20,12.1,0,0,0
11/5/2021,13.29449363,53217.85802,18.18541667,24.5,11.8,0,0,0
11/6/2021,11.74815747,47274.58564,20.4,26.2,15.5,0,0,0
11/7/2021,11.02723904,45002.16253,14.13541667,16.7,12,0,0,0
11/8/2021,12.95163727,52143.29165,13.45625,17.3,10.6,0,0,0
11/9/2021,13.10538264,53011.27276,13.50208333,20.2,4.9,0,0,0
11/10/2021,12.82938525,53665.3185,12.17708333,14.5,8.9,0,0,0
11/11/2021,12.97289555,53305.62781,11.69791667,16.8,6.8,0,0,0
11/12/2021,12.60358944,51863.77055,11.49791667,13.6,9.9,0,0,0
11/13/2021,10.93789312,43729.69671,11.278,13.8,8.8,0,0,0
11/14/2021,11.07299574,44103.74202,10.64821429,14.8,6,0,0,0
11/15/2021,12.65240469,51798.94479,10.13265306,12.8,7.5,0,0,0
11/16/2021,12.98920293,53372.63485,10.62916667,14.9,6.4,0,0,0
11/17/2021,13.08740785,51564.38693,14.37916667,19.9,10.2,0,0,0
11/18/2021,13.22116715,52712.79343,17.57058824,25.7,8.1,0,0,0
11/19/2021,12.88823453,51552.93813,14.75416667,16.9,12.4,0,0,0
11/20/2021,11.44666646,44573.31921,13.70416667,17.1,9.9,0,0,0
11/21/2021,11.44105907,45112.09593,13.64375,18.3,9.3,0,0,0
11/22/2021,13.1467267,50628.04452,15.70625,22.7,8.7,0,0,0
11/23/2021,13.4707839,54125.60973,19.81666667,25.3,12.9,0,0,0
11/24/2021,13.71413103,54815.38173,20.31458333,27.6,15.9,0,0,0
11/25/2021,13.08787191,53005.88122,15.01041667,16.3,13.3,0,0,0
11/26/2021,13.738927,39581.84868,15.15102041,19.6,12,0,0,0
11/28/2021,11.46816021,30906.69176,15.92708333,23.5,6.9,0,0,0
11/29/2021,13.59049909,46166.92541,19.31666667,28.8,9.1,0,0,0
11/30/2021,14.30594928,55349.71777,22.24791667,31.7,11.7,0,0,0
12/1/2021,14.37244397,54442.81774,21.826,31.7,15,0,0,0
12/2/2021,14.66491674,56943.87169,21.31176471,32.7,13.7,0,0,0
12/3/2021,13.10572905,52265.64744,15.66041667,20.5,11.2,0,0,0
12/4/2021,11.22760257,43506.95995,14.65208333,19.3,11.3,0,0,0
12/5/2021,11.53370114,44254.81128,14.79375,21.5,8.3,0,0,0
12/6/2021,13.27024836,51236.42892,20.18541667,28.1,10.5,0,0,0
12/7/2021,12.73955867,50295.77761,14.35,18.6,10.8,0,0,0
12/8/2021,12.91971758,48513.53952,12.598,17.4,6.4,0,0,0
12/9/2021,12.60663322,49531.46192,13.80625,16.6,11.5,0,0,0
12/10/2021,12.67164365,50014.97749,15.13333333,19.1,12.1,0,0,0
12/11/2021,11.18013169,43356.55069,16.58125,22.5,11.5,0,0,0
12/12/2021,11.48287111,43187.07823,18.62083333,28.6,7.8,0,0,0
12/13/2021,13.86398493,54305.22899,22.1122449,32.4,12.3,0,0,0
12/14/2021,13.60556205,53020.87531,18.8,23.6,15.3,0,0,0
12/15/2021,13.05915809,52145.21824,15.81458333,17.2,13.9,0,0,0
12/16/2021,12.99510118,49979.15912,16.07291667,21.9,10.4,0,0,0
12/17/2021,13.58656651,52389.80048,20.07291667,30.6,7.2,0,0,0
12/18/2021,12.11128005,47379.32755,23.72653061,34.1,16.5,0,0,0
12/19/2021,11.20647828,44030.25317,17.09818182,22.9,13.3,0,0,0
12/20/2021,13.19717564,50914.70361,18.70833333,29,10.9,0,0,0
12/21/2021,13.27192964,51574.71857,18.97708333,27,12.2,0,0,0
12/22/2021,12.52189328,50050.00744,17.14583333,21.7,13.4,0,0,0
12/23/2021,11.80603787,45181.70693,16.57083333,22,10.8,0,0,0
12/24/2021,11.95621837,45887.96611,19.725,29.8,10,0,0,0
12/25/2021,10.527075,41245.07986,18.49583333,23.4,15.1,0,0,0
12/26/2021,10.22370323,40312.06182,15.66041667,18.3,13.1,0,0,0
12/27/2021,11.33754081,44363.7972,17.07291667,23.5,12.9,0,0,0
12/28/2021,11.405135,43521.99516,17.41875,25,9.9,0,0,0
12/29/2021,11.60623174,44208.13669,18.37916667,26.8,10.4,0,0,0
12/30/2021,12.41192471,47351.49278,23.13958333,35.1,13,0,0,0
12/31/2021,12.92123749,49527.10329,28.0125,38.2,15.1,0,0,0
1/1/2022,11.52286764,45665.12447,27.45306122,38.6,18.1,1,0,0
1/2/2022,11.33025598,44233.31935,23.82708333,33.3,18.4,0,0,0
1/3/2022,11.91024294,46509.49867,18.77083333,23.9,15.8,0,0,0
1/4/2022,11.87203937,47001.40388,19.5875,23.8,15.2,0,0,0
1/5/2022,12.1108805,44095.71591,23.396,28.8,19.1,0,0,0
1/6/2022,12.77725974,47723.06512,23.72857143,31.2,16.8,0,0,0
1/7/2022,12.54496871,49163.73236,21.86734694,27.8,18,0,0,0
1/8/2022,10.24950176,40106.30039,18.15208333,21.5,16.8,0,0,0
1/9/2022,10.75181099,40523.57564,19.24375,25.1,15.4,0,0,0
1/10/2022,13.18744615,50072.73302,23.32708333,34.4,14.3,0,0,0
1/11/2022,13.5294262,52629.46792,24.23958333,31.3,18.3,0,0,0
1/12/2022,13.64228879,52754.73076,23.48958333,31.7,16,0,0,0
1/13/2022,13.8968611,53683.57444,25.57916667,36.1,16.2,0,0,0
1/14/2022,13.90844454,54813.17993,25.62083333,32.7,19.3,0,0,0
1/15/2022,11.3379506,44796.24281,20.83541667,26,18.1,0,0,0
1/16/2022,12.16247808,46849.86555,24.65,34.5,17.4,0,0,0
1/17/2022,13.46057048,53317.31967,20.97916667,25.6,16.8,0,0,0
1/18/2022,13.40357511,53225.59675,18.55,24,15.3,0,0,0
1/19/2022,13.83433013,53566.52627,20.22708333,28.4,13.4,0,0,0
1/20/2022,14.14669228,54860.87267,21.4375,31.1,11.5,0,0,0
1/21/2022,14.63509417,56345.11255,24.12708333,32.9,14.6,0,0,0
1/22/2022,13.09278836,49215.79143,25.49791667,34.7,14.8,0,0,0
1/23/2022,11.9339636,45086.51447,26.52708333,35.1,16.9,0,0,0
1/24/2022,14.3686618,54586.54618,27.74166667,36.7,18.8,0,0,0
1/25/2022,14.97771259,56091.53366,27.68333333,35.1,19.6,0,0,0
1/26/2022,14.33034408,53624.14754,27.43333333,37.7,18.9,0,0,0
1/27/2022,15.54237612,58532.58846,26.01836735,32.3,20.1,0,0,0
1/28/2022,14.9960297,57389.80566,24.846,33.9,19.7,0,0,0
1/29/2022,11.87900419,45544.10205,19.19583333,21.9,16.9,0,0,0
1/30/2022,12.7397472,48691.31378,23.41666667,30,18.6,0,0,0
1/31/2022,14.71052045,55517.50418,26.36875,34.1,20,0,0,0
2/1/2022,14.14156083,54982.3885,20.66530612,25.1,13.8,0,0,0
2/2/2022,12.92481378,50820.3678,16.05510204,19.4,13.9,0,0,0
2/3/2022,12.30536494,46834.21896,15.35833333,18.4,12.7,0,0,0
2/4/2022,13.13375258,50289.13861,17.81875,25.4,9.6,0,0,0
2/5/2022,11.68664848,43988.54488,19.69583333,27.2,11.2,0,0,0
2/6/2022,11.97327954,45522.4088,21.05833333,29.5,12.6,0,0,0
2/7/2022,13.73262609,52733.2842,21.4625,29.7,12.8,0,0,0
2/8/2022,13.89378129,53463.27042,22.4,31.7,12.9,0,0,0
2/9/2022,13.844995,54106.24047,21.538,31.5,16.4,0,0,0
2/10/2022,13.46499056,52728.90304,19.76458333,25.1,16.5,0,0,0
2/11/2022,12.86707863,50670.55565,18.3244898,23.6,14.5,0,0,0
2/12/2022,11.68145643,45207.23638,20.83333333,29.7,12.3,0,0,0
2/13/2022,12.21570391,47616.81385,24.55416667,32.4,14.9,0,0,0
2/14/2022,14.57708652,56413.32482,23.39591837,34,15.8,0,0,0
2/15/2022,14.35194276,56561.00641,20.13958333,24.9,17.4,0,0,0
2/16/2022,14.50842646,58149.77325,20.2,26.9,15.5,0,0,0
2/17/2022,14.13214323,55963.2872,19.96041667,24.8,16.3,0,0,0
2/18/2022,13.60475262,54092.49641,17.42083333,21.9,14.4,0,0,0
2/19/2022,12.40751883,47793.76255,17.98541667,24.5,11.5,0,0,0
2/20/2022,12.56388952,49514.2886,17.97708333,29.8,10.2,0,0,0
2/21/2022,13.83796282,54867.5226,16.59791667,21.7,12.7,0,0,0
2/22/2022,13.96993089,54343.03115,17.52083333,25.2,11.2,0,0,0
2/23/2022,14.97750153,57663.3809,23.02083333,35.2,13.1,0,0,0
2/24/2022,14.45491765,57559.48209,21.32916667,26.2,18.4,0,0,0
2/25/2022,13.88961116,55266.76281,19.61875,23.7,17.2,0,0,0
2/26/2022,12.27808834,47332.03054,21.90208333,30.2,15.7,0,0,0
2/27/2022,12.09167317,47798.38404,20.17708333,26.9,14.3,0,0,0
2/28/2022,14.67778215,57624.97273,20.98333333,25.3,17.8,0,0,0
3/1/2022,14.97982268,58840.74348,21.78125,27,19.2,0,0,0
3/2/2022,15.54825126,60669.27641,23.30416667,30.1,19.2,0,0,0
3/3/2022,15.84110499,60861.52536,23.65208333,31.9,16,0,0,0
3/4/2022,15.39936716,58825.58257,23.93541667,32.7,15.7,0,0,0
3/5/2022,11.89333052,45717.9625,18.85625,21.7,16.5,0,0,0
3/6/2022,11.86083247,46850.28827,17.91041667,22.2,15.4,0,0,0
3/7/2022,14.38301002,55949.90897,18.97083333,25,13.7,0,0,0
3/8/2022,14.16406127,56882.87007,17.81875,21.6,14.8,0,0,0
3/9/2022,14.20969241,56668.25335,17.14375,23.5,13.7,0,0,0
3/10/2022,13.99867965,55196.79385,15.71458333,22,10.1,0,0,0
3/11/2022,13.52190981,53411.54374,15.12916667,21.2,8.2,0,0,0
3/12/2022,10.63969821,5841.19432,16.02708333,23.8,8.2,0,0,0
3/15/2022,15.09163667,59129.03249,21.46875,27.2,17.1,0,0,0
3/16/2022,14.6262555,58373.3857,19.15,22.4,16.9,0,0,0
3/17/2022,14.76229259,58443.91638,20.93541667,28.3,14.6,0,0,0
3/18/2022,14.20173672,56664.92952,19.2625,23.2,14.6,0,0,0
3/19/2022,12.17754735,47955.18146,20.20217391,30.2,10.8,0,0,0
3/20/2022,12.23560467,48783.35582,20.13695652,29,14.7,0,0,0
3/21/2022,15.14901318,59565.91983,21.48958333,30.8,17.1,0,0,0
3/22/2022,14.64472271,58110.2597,18.30425532,23.5,15.4,0,0,0
3/23/2022,14.11757263,55834.99975,15.82553191,19.6,11.8,0,0,0
3/24/2022,14.26779615,56115.24227,16.05833333,22,12.7,0,0,0
3/25/2022,13.80931802,55099.17888,15.23958333,21.6,8.6,0,0,0
3/26/2022,11.92200611,46698.49793,16.62083333,25.7,8.2,0,0,0
3/27/2022,12.13407256,47480.62592,19.9,29.1,11,0,0,0
3/28/2022,14.06404122,56003.01213,18.42916667,24.6,14.2,0,0,0
3/29/2022,14.28661526,56817.86889,16.72291667,21.4,12.6,0,0,0
3/30/2022,14.13683377,56773.52444,16.71666667,21,14,0,0,0
3/31/2022,14.19587056,56471.17309,15.47291667,21.4,11,0,0,0
4/1/2022,13.79373775,55450.82575,14.86458333,19.7,11.7,0,0,0
4/2/2022,11.18958889,44713.5972,14.97916667,17,13,0,0,0
4/3/2022,11.2752999,44751.66529,15.27708333,17.5,13.6,0,0,0
4/4/2022,13.82812711,55616.72722,15.63333333,17.7,13.8,0,0,0
4/5/2022,13.95842749,55959.33582,14.83958333,20.6,10,0,0,0
4/6/2022,14.15866592,56832.88499,16.75833333,22.5,13.8,0,0,0
4/7/2022,14.14121501,56338.60061,16.01666667,23.6,9.4,0,0,0
4/8/2022,13.97040388,55630.14824,17.56666667,24.3,11.3,0,0,0
4/9/2022,11.69092049,46202.51776,18.87916667,24.6,14.6,0,0,0
4/10/2022,12.06586102,47636.01932,20.1,26.2,13.6,0,0,0
4/11/2022,13.94197732,56116.45871,15.49166667,19,11.6,0,0,0
4/12/2022,14.1849585,56867.49862,13.83541667,16.8,11,0,0,0
4/13/2022,14.34558886,57368.00987,15.37083333,22.1,10.7,0,0,0
4/14/2022,14.10788989,56741.93312,15.93333333,24.4,7.8,0,0,0
4/15/2022,12.97536648,52122.04717,18.03333333,25.5,11.2,0,0,0
4/16/2022,11.84523708,46587.31742,20.05833333,28.5,13.8,0,0,0
4/17/2022,11.99285035,47251.83038,20.876,27.8,12,0,0,0
4/18/2022,12.90584531,51997.65075,16.24791667,17.6,15,0,0,0
4/19/2022,13.04768447,52229.88092,13.68125,15.4,10.2,0,0,0
4/20/2022,13.29418385,53229.91213,12.75625,19,7.2,0,0,0
4/21/2022,13.31651484,53612.28875,13.55208333,16.3,11.8,0,0,0
4/22/2022,13.36253772,53557.05117,12.12083333,18.4,6.1,0,0,0
4/23/2022,11.63236996,45761.74341,11.84166667,19.7,5.3,0,0,0
4/24/2022,11.60069437,46101.15943,12.1125,19.4,6.8,0,0,0
4/25/2022,12.96367894,52230.66246,13.13958333,23.5,5.4,0,0,0
4/26/2022,14.15799707,56844.35824,15.31875,22.3,7.6,0,0,0
4/27/2022,14.12009191,57016.93115,16.95625,20.8,13.1,0,0,0
4/28/2022,14.22688313,57348.5659,18.00208333,20.9,15.7,0,0,0
4/29/2022,14.07727414,56900.34208,18.38333333,20.9,14.7,0,0,0
4/30/2022,11.70653957,46474.96209,14.04693878,17.6,10.6,0,0,0
