date,avg_consumption,total_consumption
2018-01-01,10.793348519553073,3864.01877
2018-01-02,12.303591684782608,4527.72174
2018-01-03,13.253080552631578,5036.17061
2018-01-04,13.591576536458334,5219.16539
2018-01-05,14.025496067708334,5385.79049
2018-01-06,12.274382421875002,4713.36285
2018-01-07,12.499366787709496,4474.77331
2018-01-08,13.828184188481675,5282.36636
2018-01-09,14.010666161879897,5366.08514
2018-01-10,13.714066578249335,5170.2031
2018-01-11,11.932860728291317,4260.03128
2018-01-12,11.704640084985835,4131.73795
2018-01-13,8.531443065134098,2226.70664
2018-01-14,11.304526204545455,4973.99153
2018-01-15,12.605757995824636,6038.15808
2018-01-16,12.855839895833332,6170.80315
2018-01-17,12.911310861344539,6145.78397
2018-01-18,13.76443312633833,6427.99027
2018-01-19,13.070824778012684,6182.50012
2018-01-20,11.875247404063204,5260.7346
2018-01-21,11.72153399103139,5227.80416
2018-01-22,13.027586842105263,6188.10375
2018-01-23,12.730482468619247,6085.17062
2018-01-24,12.996341467505243,6199.25488
2018-01-25,12.781316497890295,6058.34402
2018-01-26,11.830284255765198,5643.04559
2018-01-27,12.657948522167487,5139.1271
2018-01-28,15.503349765395896,5286.64227
2018-01-29,14.563561299999998,5825.42452
2018-01-30,13.099223494736842,6222.13116
2018-01-31,12.810067341772152,6071.97192
2018-02-01,13.120826834381552,6258.6344
2018-02-02,14.014274940898346,5928.0383
2018-02-03,14.018437338935573,5004.58213
2018-02-04,12.244950745920747,5253.08387
2018-02-05,13.068322951167728,6155.18011
2018-02-06,13.81346603004292,6437.07517
2018-02-07,12.994432753303965,5899.47247
2018-02-08,14.504677083333332,6614.13275
2018-02-09,13.305246338912134,6359.90775
2018-02-10,10.625583810526317,5047.15231
2018-02-11,10.186183791666668,4889.36822
2018-02-12,12.769391565762005,6116.53856
2018-02-13,13.231748696581196,6192.45839
2018-02-14,13.255558145833334,6362.66791
2018-02-15,13.269000197802198,6037.39509
2018-02-16,12.77320221987315,6041.72465
2018-02-17,9.904049436325678,4744.03968
2018-02-18,9.960716931106472,4771.18341
2018-02-19,12.879722668067227,6130.74799
2018-02-20,13.91491238410596,6303.45531
2018-02-21,13.21315917721519,6263.03745
2018-02-22,12.734789866962306,5743.39023
2018-02-23,13.205828063829788,6206.73919
2018-02-24,11.363215479744136,5329.34806
2018-02-25,11.336225208791209,5157.98247
2018-02-26,13.138428203463205,6069.95383
2018-02-27,14.016863242630384,6181.4366899999995
2018-02-28,13.789012444444444,6205.0556
2018-03-01,13.436841183574879,5562.85225
2018-03-02,13.230542129436326,6337.42968
2018-03-03,11.532948625,5535.81534
2018-03-04,11.06712675,5312.22084
2018-03-05,13.574905842450766,6203.73197
2018-03-06,13.90385838641189,6548.7173
2018-03-07,14.148594713656387,6423.4619999999995
2018-03-08,13.880038755555555,6246.01744
2018-03-09,13.899869637526653,6519.03886
2018-03-10,12.468514629629631,5386.39832
2018-03-11,12.401469239631336,5382.23765
2018-03-12,13.172925351812367,6178.10199
2018-03-13,13.375800221238938,6045.8617
2018-03-14,13.61486836689038,6085.84616
2018-03-15,14.63834874439462,6528.70354
2018-03-16,15.084407453703705,6516.46402
2018-03-17,12.170225789473685,5318.38867
2018-03-18,12.190535333333335,5302.88287
2018-03-19,13.388793582417582,6091.90108
2018-03-20,13.874039235955056,6173.94746
2018-03-21,13.452519822222223,6053.63392
2018-03-22,13.263251113585746,5955.19975
2018-03-23,13.844274347826088,6368.3662
2018-03-24,11.658785270833333,5596.21693
2018-03-25,11.728390791666667,5629.62758
2018-03-26,13.071111362637362,5947.35567
2018-03-27,12.850614391891892,5705.67279
2018-03-28,12.888660650224214,5748.34265
2018-03-29,13.398885497835497,6190.2851
2018-03-30,11.627634354166666,5581.26449
2018-03-31,10.836542993630573,5104.01175
2018-04-01,10.694573127659575,5026.44937
2018-04-02,10.831623187500002,5199.17913
2018-04-03,11.484401833333333,5512.51288
2018-04-04,12.778064058577405,6107.91462
2018-04-05,12.722377729166668,6106.74131
2018-04-06,12.675721941544884,6071.67081
2018-04-07,10.870149789029536,5152.451
2018-04-08,10.690345137420719,5056.53325
2018-04-09,13.293857706013362,5968.94211
2018-04-10,13.69091303030303,5873.40169
2018-04-11,13.806558321678322,5923.01352
2018-04-12,13.008367255813955,5593.59792
2018-04-13,13.952996204690832,6543.95522
2018-04-14,11.508548114035086,5247.89794
2018-04-15,11.423278562091502,5243.28486
2018-04-16,12.968143257918552,5731.91932
2018-04-17,11.756558019559902,4808.43223
2018-04-18,13.346593055555555,5765.7282
2018-04-19,13.321500045351472,5874.78152
2018-04-20,14.220237693920335,6783.05338
2018-04-21,11.279247458333334,5414.03878
2018-04-22,11.396908166666666,5470.51592
2018-04-23,13.807853,6213.53385
2018-04-24,13.45268062639821,6013.34824
2018-04-25,11.9340405625,5728.33947
2018-04-26,13.541865912087912,6161.54899
2018-04-27,13.966009978902953,6619.88873
2018-04-28,11.082268071278826,5286.24187
2018-04-29,11.413669144050106,5467.14752
2018-04-30,13.488840195227766,6218.35533
2018-05-01,13.616932863741338,5896.13193
2018-05-02,12.967475773672057,5614.91701
2018-05-03,13.35569399113082,6023.41799
2018-05-04,13.624950546218487,6485.47646
2018-05-05,10.696679644351464,5113.01287
2018-05-06,10.677049645093945,5114.30678
2018-05-07,12.678483058035713,5679.96041
2018-05-08,13.97933671111111,6290.70152
2018-05-09,13.553198916478555,6004.06712
2018-05-10,13.501208886363635,5940.53191
2018-05-11,14.08113729032258,6547.72884
2018-05-12,10.920006966527197,5219.76333
2018-05-13,10.797120333333334,5182.61776
2018-05-14,12.986234108695653,5973.66769
2018-05-15,14.290499164785553,6330.69113
2018-05-16,14.167803632286995,6318.8404199999995
2018-05-17,14.25538922580645,6628.75599
2018-05-18,13.469428126361656,6182.46751
2018-05-19,10.770356847599166,5159.00093
2018-05-20,11.0654615,5311.42152
2018-05-21,14.214780692640693,6567.22868
2018-05-22,13.59654718487395,6471.95646
2018-05-23,13.035877643171807,5918.28845
2018-05-24,13.331170607966458,6358.96838
2018-05-25,12.89131245652174,5930.00373
2018-05-26,10.575772071129707,5055.21905
2018-05-27,11.13601159574468,5233.92545
2018-05-28,13.58645864516129,6317.70327
2018-05-29,13.831456745182011,6459.2903
2018-05-30,14.508213528138528,6702.79465
2018-05-31,13.888475572033897,6555.36047
2018-06-01,14.040518640350877,6402.4765
2018-06-02,10.457107251585624,4946.21173
2018-06-03,10.592445911016949,4999.63447
2018-06-04,13.219953510638296,6213.37815
2018-06-05,13.312458326359833,6363.35508
2018-06-06,13.416155780590717,6359.25784
2018-06-07,12.606917910447763,5912.6445
2018-06-08,13.057531431578948,6202.32743
2018-06-09,9.27111875,4153.4612
2018-06-10,9.773941790393012,4476.46534
2018-06-11,11.32743635021097,5369.20483
2018-06-12,12.457974924731182,5792.95834
2018-06-13,12.79874217204301,5951.41511
2018-06-14,12.00810831140351,5475.69739
2018-06-15,12.253955680345571,5673.58148
2018-06-16,10.753084875,5161.48074
2018-06-17,9.666057149122807,4407.72206
2018-06-18,12.49718206451613,5811.18966
2018-06-19,12.59951926724138,5846.17694
2018-06-20,13.310354117647059,6335.72856
2018-06-21,12.46213210752688,5794.89143
2018-06-22,12.69965113490364,5930.73708
2018-06-23,10.676308109243697,5081.92266
2018-06-24,11.010606321353064,5208.01679
2018-06-25,12.740783773987207,5975.42759
2018-06-26,12.929146144067797,6102.55698
2018-06-27,12.613278997867804,5915.62785
2018-06-28,11.810335010940918,5397.3231
2018-06-29,12.847346638477802,6076.79496
2018-06-30,9.801726457883369,4538.19935
2018-07-01,10.620738197424894,4949.264
2018-07-02,12.730874935897436,5958.04947
2018-07-03,12.261957810526317,5824.42996
2018-07-04,12.250077085106382,5757.53623
2018-07-05,12.612548893528185,6041.41092
2018-07-06,12.291479081419624,5887.61848
2018-07-07,10.18271991507431,4796.06108
2018-07-08,10.382390428265523,4848.57633
2018-07-09,13.108357621052631,6226.46987
2018-07-10,13.278637094736842,6307.35262
2018-07-11,13.424976910229645,6430.56394
2018-07-12,13.743244842767297,6555.52779
2018-07-13,13.19330044117647,6280.01101
2018-07-14,9.793776209850106,4573.69349
2018-07-15,9.097094725274726,4139.1781
2018-07-16,12.556283291139241,5951.67828
2018-07-17,12.74955230125523,6094.286
2018-07-18,12.725822159329141,6070.21717
2018-07-19,12.895938017621146,5854.75586
2018-07-20,12.63856643006263,6053.87332
2018-07-21,10.505788854166667,5042.77865
2018-07-22,10.320406701461378,4943.47481
2018-07-23,12.266915042194093,5814.51773
2018-07-24,12.13539364806867,5655.09344
2018-07-25,13.160973744769874,6290.94545
2018-07-26,13.473458571428571,6413.36628
2018-07-27,12.755949351464436,6097.34379
2018-07-28,10.019824046121593,4779.45607
2018-07-29,9.702335711206898,4501.88377
2018-07-30,13.64471,6099.18537
2018-07-31,13.42265701986755,6080.46363
2018-08-01,13.95775541935484,6490.35627
2018-08-02,13.945131762208067,6568.15706
2018-08-03,13.23054974947808,6337.43333
2018-08-04,10.44829518907563,4973.38851
2018-08-05,11.193000063291139,5305.48203
2018-08-06,13.270987965367965,6131.19644
2018-08-07,13.793367568181818,6069.08173
2018-08-08,13.763500042735043,6441.31802
2018-08-09,16.53026346153846,6446.80275
2018-08-10,15.741470183727035,5997.50014
2018-08-11,11.059045211267605,3925.96105
2018-08-12,12.333333600000001,4625.0001
2018-08-13,14.155138329519449,6185.79545
2018-08-14,13.197372034632034,6097.18588
2018-08-15,13.934166168421052,6618.72893
2018-08-16,13.863600403397028,6529.75579
2018-08-17,13.364741299790357,6374.9816
2018-08-18,9.36224776344086,4353.44521
2018-08-19,9.703076223175966,4521.63352
2018-08-20,13.170348632478632,6163.72316
2018-08-21,13.592787723404255,6388.61023
2018-08-22,13.935122505219207,6674.92368
2018-08-23,14.48143755364807,6748.3499
2018-08-24,13.506490647181629,6469.60902
2018-08-25,10.555050145833333,5066.42407
2018-08-26,10.711949979166667,5141.73599
2018-08-27,13.337399363057326,6281.9151
2018-08-28,13.140524379084967,6031.50069
2018-08-29,14.07716697368421,6419.18814
2018-08-30,13.84995289361702,6509.47786
2018-08-31,13.021851983122362,6172.35784
2018-09-01,10.56163555319149,4963.96871
2018-09-02,10.954356309012876,5104.73004
2018-09-03,13.80179528761062,6238.41147
2018-09-04,14.106576637744036,6503.13183
2018-09-05,14.436767968397293,6395.48821
2018-09-06,14.181971213483145,6310.97719
2018-09-07,13.26424501048218,6327.04487
2018-09-08,11.128778860759494,5275.04118
2018-09-09,11.28952086680761,5339.94337
2018-09-10,13.464796318082788,6180.34151
2018-09-11,14.009639203747073,5982.11594
2018-09-12,14.408633665893271,6210.12111
2018-09-13,14.04768395652174,6461.93462
2018-09-14,13.574811377118644,6407.31097
2018-09-15,9.542123677419356,4437.08751
2018-09-16,10.688239002217294,4820.39579
2018-09-17,14.15953128959276,6258.51283
2018-09-18,14.1229321875,6327.07362
2018-09-19,14.333990678733032,6335.62388
2018-09-20,14.671245428571428,6675.41667
2018-09-21,13.5123140167364,6458.8861
2018-09-22,10.380163066954644,4806.0155
2018-09-23,11.179283347368422,5310.15959
2018-09-24,13.464921443736731,6341.978
2018-09-25,13.281621810526318,6308.77036
2018-09-26,13.036669957356075,6114.19821
2018-09-27,12.811880065359476,5880.65295
2018-09-28,11.11277702991453,5200.77965
2018-09-29,10.51117975336323,4687.98617
2018-09-30,10.543703087248323,4713.03528
2018-10-01,13.841462702078523,5993.35335
2018-10-02,13.509712292576419,6187.44823
2018-10-03,13.541248403547673,6107.10303
2018-10-04,13.631202457983193,6488.45237
2018-10-05,13.081547784810127,6200.65365
2018-10-06,9.660826258205688,4414.9976
2018-10-07,10.093930353773585,4279.82647
2018-10-08,13.664232898230088,6176.23327
2018-10-09,14.063261244239632,6103.45538
2018-10-10,13.963319844789359,6297.45725
2018-10-11,14.10095722222222,6345.4307499999995
2018-10-12,12.964448528784649,6080.32636
2018-10-13,9.227776563192906,4161.72723
2018-10-14,8.974876098130842,3841.24697
2018-10-15,13.57702111111111,6354.04588
2018-10-16,14.205892818791947,6350.03409
2018-10-17,13.507080406698565,5645.95961
2018-10-18,13.847264933628319,6258.96375
2018-10-19,13.300601596638655,6331.08636
2018-10-20,9.500566517094017,4446.26513
2018-10-21,8.993835796460177,4065.21378
2018-10-22,13.715878347639483,6391.59931
2018-10-23,13.798772958057395,6250.84415
2018-10-24,14.08619018907563,6705.02653
2018-10-25,13.532253094736841,6427.82022
2018-10-26,13.009346987447698,6218.46786
2018-10-27,9.723198802521008,4628.24263
2018-10-28,9.582343860759494,4542.03099
2018-10-29,13.04565665961945,6170.5956
2018-10-30,13.202112637130801,6257.80139
2018-10-31,13.055841443514645,6240.69221
2018-11-01,13.053390943396227,6226.46748
2018-11-02,12.975656630196935,5929.87508
2018-11-03,8.867001030701754,4043.35247
2018-11-04,10.031580146137786,4805.12689
2018-11-05,13.012149206680585,6232.81947
2018-11-06,12.540588347280336,5994.40123
2018-11-07,12.266198195329087,5777.37935
2018-11-08,12.545902762312634,5858.93659
2018-11-09,13.327531343963553,5850.78626
2018-11-10,9.35884498687664,3565.71994
2018-11-11,9.234804711111112,4155.66212
2018-11-12,12.56714105485232,5956.82486
2018-11-13,12.86665906976744,6085.92974
2018-11-14,12.819034926931106,6140.31773
2018-11-15,13.568897733333333,6106.00398
2018-11-16,15.106533503836317,5906.6546
2018-11-17,8.522117718120805,3809.38662
2018-11-18,8.769885448275861,3814.90017
2018-11-19,12.698399852008457,6006.34313
2018-11-20,12.922330395833335,6202.71859
2018-11-21,12.765718773784355,6038.18498
2018-11-22,13.23113725490196,6073.092
2018-11-23,12.519206889352818,5996.7001
2018-11-24,9.46719577253219,4411.71323
2018-11-25,9.981620020920502,4771.21437
2018-11-26,13.117841708860759,6217.85697
2018-11-27,12.881295805084747,6079.97162
2018-11-28,13.677873111587981,6373.88887
2018-11-29,13.680433060796645,6525.56657
2018-11-30,12.411026923076923,5808.3606
2018-12-01,9.720748116883117,4490.98563
2018-12-02,8.635313168539327,3842.71436
2018-12-03,12.62594770386266,5883.69163
2018-12-04,13.301551252653928,6265.03064
2018-12-05,13.705120044052864,6222.1245
2018-12-06,13.561402647058822,6455.22766
2018-12-07,14.234610196078432,6533.68608
2018-12-08,8.346331644144144,3705.77125
2018-12-09,8.445910400890869,3792.21377
2018-12-10,12.141842776572668,5597.38952
2018-12-11,12.645653556485357,6044.6224
2018-12-12,13.52353826754386,6166.73345
2018-12-13,12.080017419354839,5617.2081
2018-12-14,11.868096616702356,5542.40112
2018-12-15,9.061243656387665,4113.80462
2018-12-16,8.361459494252873,3637.23488
2018-12-17,12.501779937238494,5975.85081
2018-12-18,12.245149392033543,5840.93626
2018-12-19,12.236741691648822,5714.55837
2018-12-20,13.162513239130435,6054.75609
2018-12-21,11.955895125000001,5738.82966
2018-12-22,9.167558812500001,4400.42823
2018-12-23,9.337755908141961,4472.78508
2018-12-24,10.331626042105263,4907.52237
2018-12-25,9.845540668058455,4716.01398
2018-12-26,9.833203312499998,4719.93759
2018-12-27,10.439652426778244,4990.15386
2018-12-28,10.553663549060543,5055.20484
2018-12-29,9.608890256959315,4487.35175
2018-12-30,9.413434038054968,4452.5543
2018-12-31,10.149503115789473,4821.01398
2019-01-01,10.537247995545657,4731.22435
2019-01-02,13.962590365535249,5347.67211
2019-01-03,14.189279720812182,5590.57621
2019-01-04,11.68222269874477,5584.10245
2019-01-05,9.393100041666665,4508.68802
2019-01-06,9.496721333333333,4558.42624
2019-01-07,12.095099729166666,5805.64787
2019-01-08,12.242645979166667,5876.47007
2019-01-09,12.317466291666667,5912.38382
2019-01-10,12.549098916666667,6023.56748
2019-01-11,12.59765608786611,6021.67961
2019-01-12,9.700272958333333,4656.13102
2019-01-13,9.921051666666667,4762.1048
2019-01-14,12.970332187499999,6225.75945
2019-01-15,13.397835443037973,6350.574
2019-01-16,13.253159854166666,6361.51673
2019-01-17,13.363365496828752,6320.87188
2019-01-18,13.34832987368421,6340.45669
2019-01-19,10.177002395833334,4884.96115
2019-01-20,10.341892125,4964.10822
2019-01-21,12.735372426778243,6087.50802
2019-01-22,12.92766111111111,6166.49435
2019-01-23,12.600890645833335,6048.42751
2019-01-24,12.727641670146138,6096.54036
2019-01-25,12.843963607594937,6088.03875
2019-01-26,9.331851169102297,4469.95671
2019-01-27,9.02389730125523,4313.42291
2019-01-28,10.209573068893528,4890.3855
2019-01-29,12.778721291666667,6133.78622
2019-01-30,13.020806561844863,6210.92473
2019-01-31,12.624975229166667,6059.98811
2019-02-01,12.288969724576273,5800.39371
2019-02-02,9.40818864628821,4308.9504
2019-02-03,9.852687912317327,4719.43751
2019-02-04,12.951550979166665,6216.74447
2019-02-05,13.095579331941545,6272.7825
2019-02-06,13.338897677824267,6375.99309
2019-02-07,13.283178940677967,6269.66046
2019-02-08,12.43338649159664,5918.29197
2019-02-09,9.536394020833335,4577.46913
2019-02-10,9.480039083333333,4550.41876
2019-02-11,12.868527933194155,6164.02488
2019-02-12,13.022766145833334,6250.92775
2019-02-13,12.669237970711297,6055.89575
2019-02-14,12.858881585623678,6082.25099
2019-02-15,12.538238,6018.35424
2019-02-16,10.417283916666666,5000.29628
2019-02-17,10.364511916666666,4974.96572
2019-02-18,13.728093377483443,6218.8263
2019-02-19,13.673102117117116,6070.85734
2019-02-20,13.989582727272726,6617.07263
2019-02-21,13.455635974842767,6418.33836
2019-02-22,13.20842139874739,6326.83385
2019-02-23,10.360070291666666,4972.83374
2019-02-24,10.517655979166667,5048.47487
2019-02-25,14.041465574112735,6725.86201
2019-02-26,14.320097015250544,6572.92453
2019-02-27,14.592471147186147,6741.72167
2019-02-28,14.475107477477478,6426.94772
2019-03-01,14.375209701492539,6741.97335
2019-03-02,11.603823347457627,5477.00462
2019-03-03,11.622429250000001,5578.76604
2019-03-04,15.13222457665904,6612.78214
2019-03-05,14.985727451820129,6998.33472
2019-03-06,15.019304977876105,6788.72585
2019-03-07,14.524841469298245,6623.32771
2019-03-08,14.561214304347827,6698.15858
2019-03-09,10.946490875,5254.31562
2019-03-10,11.153549704016912,5275.62901
2019-03-11,15.259335806451613,7095.59115
2019-03-12,14.723740779816513,6419.55098
2019-03-13,15.140282174887892,6752.56585
2019-03-14,15.471546929824562,7055.0254
2019-03-15,14.922639934924078,6879.33701
2019-03-16,11.478531708333332,5509.69522
2019-03-17,11.700931958333333,5616.44734
2019-03-18,15.120368348623852,6592.4806
2019-03-19,14.503702165898618,6294.60674
2019-03-20,14.99748216091954,6523.90474
2019-03-21,13.830862359813084,5919.60909
2019-03-22,14.642734446902656,6618.51597
2019-03-23,11.795510875,5661.84522
2019-03-24,11.732882854166666,5631.78377
2019-03-25,14.500951954545455,6380.41886
2019-03-26,15.116753781902553,6515.32088
2019-03-27,15.224172529550827,6439.82498
2019-03-28,14.24590120950324,6595.85226
2019-03-29,14.164475562632697,6671.46799
2019-03-30,11.515634270833335,5527.50445
2019-03-31,11.631862250000001,5583.29388
2019-04-01,15.106420108932463,6933.84683
2019-04-02,14.679662102803738,6282.89538
2019-04-03,15.341630226244344,6781.00056
2019-04-04,13.826091294642856,6194.0889
2019-04-05,13.894915569892472,6461.13574
2019-04-06,11.4853533125,5512.96959
2019-04-07,11.634753611691023,5573.04698
2019-04-08,14.704249465478842,6602.20801
2019-04-09,14.367212796420581,6422.14412
2019-04-10,14.070336884875847,6233.15924
2019-04-11,14.74385672489083,6752.68638
2019-04-12,14.586546371308016,6914.02298
2019-04-13,11.3630446875,5454.26145
2019-04-14,11.527380166666667,5533.14248
2019-04-15,14.702430260303688,6777.82035
2019-04-16,14.723557802690584,6566.70678
2019-04-17,15.085015112107623,6727.91674
2019-04-18,14.576932558635395,6836.58137
2019-04-19,11.804352812500001,5666.08935
2019-04-20,11.19276255765199,5338.94774
2019-04-21,11.148928874734606,5251.1455
2019-04-22,11.506255645833333,5523.00271
2019-04-23,11.832454395833334,5679.57811
2019-04-24,13.082178238993711,6240.19902
2019-04-25,11.997994520833334,5759.03737
2019-04-26,13.096320854166667,6286.23401
2019-04-27,10.741498645833333,5155.91935
2019-04-28,10.6894491875,5130.9356099999995
2019-04-29,14.60446486140725,6849.49402
2019-04-30,14.876653812785388,6515.97437
2019-05-01,14.715282735632185,6401.14799
2019-05-02,14.711606804347827,6767.33913
2019-05-03,14.362638752642706,6793.52813
2019-05-04,11.630780770833333,5582.77477
2019-05-05,11.549802083333333,5543.905
2019-05-06,15.020565286624203,7074.68625
2019-05-07,15.541475623582766,6853.79075
2019-05-08,15.122903172866522,6911.16675
2019-05-09,14.753595768374165,6624.3645
2019-05-10,14.60397983014862,6878.4745
2019-05-11,12.216181818181818,5643.876
2019-05-12,11.640525520833334,5587.45225
2019-05-13,15.270939024390245,6887.1935
2019-05-14,14.820080573951435,6713.4965
2019-05-15,15.232821581196582,7128.9605
2019-05-16,15.691813841201718,7312.38525
2019-05-17,14.943719728601254,7158.04175
2019-05-18,11.355585416666665,5450.681
2019-05-19,11.414684895833334,5479.04875
2019-05-20,14.666937093275488,6761.458
2019-05-21,14.724239910313901,6567.011
2019-05-22,14.685121520342612,6857.95175
2019-05-23,14.283067488262912,6084.58675
2019-05-24,14.809785789473684,7034.64825
2019-05-25,11.615002604166667,5575.20125
2019-05-26,11.814354166666668,5670.89
2019-05-27,15.123236658932715,6518.115
2019-05-28,14.58125,6488.65625
2019-05-29,15.89516570438799,6882.60675
2019-05-30,15.409554375,6163.82175
2019-05-31,14.037201298701298,6485.187
2019-06-01,11.810830208333334,5669.1985
2019-06-02,11.734275,5632.452
2019-06-03,14.238134210526317,6763.11375
2019-06-04,14.44111234177215,6845.08725
2019-06-05,14.100892631578947,6697.924
2019-06-06,13.308920967741935,6188.64825
2019-06-07,13.851128947368421,6579.28625
2019-06-08,11.784610403397027,5550.5515
2019-06-09,11.456856394129979,5464.9205
2019-06-10,12.144147274633124,5792.75825
2019-06-11,14.072243085106383,6613.95425
2019-06-12,13.829885350318472,6513.876
2019-06-13,14.064010485651215,6370.99675
2019-06-14,14.323199367088607,6789.1965
2019-06-15,11.108012711864406,5242.982
2019-06-16,11.26747033898305,5318.246
2019-06-17,13.996236315789472,6648.21225
2019-06-18,14.099118114406778,6654.78375
2019-06-19,14.451557526881722,6719.97425
2019-06-20,13.85753164556962,6568.47
2019-06-21,13.684211252653927,6445.2635
2019-06-22,11.449933839479392,5278.4195
2019-06-23,11.7395147702407,5364.95825
2019-06-24,14.860247811816192,6791.13325
2019-06-25,14.290622362869199,6773.755
2019-06-26,14.09683509513742,6667.803
2019-06-27,13.953627136752136,6530.2975
2019-06-28,14.099081407563027,6711.16275
2019-06-29,12.096174008810571,5491.663
2019-06-30,11.531334375,5535.0405
2019-07-01,14.006399895178197,6681.05275
2019-07-02,13.432556382978722,6313.3015
2019-07-03,13.612835275423729,6425.25825
2019-07-04,13.76521551724138,6387.06
2019-07-05,13.746770652173913,6323.5145
2019-07-06,11.888695484581497,5397.46775
2019-07-07,11.443624730021599,5298.39825
2019-07-08,13.699063163481954,6452.25875
2019-07-09,14.329519607843137,6577.2495
2019-07-10,14.67798105263158,6972.041
2019-07-11,14.424571503131524,6909.36975
2019-07-12,12.85178755364807,5988.933
2019-07-13,5.798076478149101,2255.45175
2019-07-14,5.561640909090909,2141.23175
2019-07-15,12.376494047619047,5717.94025
2019-07-16,13.864429166666667,6654.926
2019-07-17,13.570217187499999,6513.70425
2019-07-18,13.978661795407099,6695.779
2019-07-19,13.538202604166665,6498.33725
2019-07-20,10.531976842105264,5002.689
2019-07-21,10.914190860215054,5075.09875
2019-07-22,13.635911963882618,6040.709
2019-07-23,14.150889954853273,6268.84425
2019-07-24,14.441329148471615,6614.12875
2019-07-25,13.914296511627906,6581.46225
2019-07-26,13.851850208768267,6635.03625
2019-07-27,10.669545550847458,5036.0255
2019-07-28,11.094215292841648,5114.43325
2019-07-29,14.98156126914661,6846.5735
2019-07-30,14.779565425531914,6946.39575
2019-07-31,15.015589439655173,6967.2335
2019-08-01,14.515379766949152,6851.25925
2019-08-02,14.163734042553191,6656.955
2019-08-03,11.46881058951965,5252.71525
2019-08-04,11.801301612903226,5487.60525
2019-08-05,14.33405153508772,6536.3275
2019-08-06,14.245271064301553,6424.61725
2019-08-07,14.448931197478991,6877.69125
2019-08-08,14.74766079059829,6901.90525
2019-08-09,13.695537133891213,6546.46675
2019-08-10,10.280576562499999,4934.67675
2019-08-11,10.378567987152035,4846.79125
2019-08-12,14.249638469827588,6611.83225
2019-08-13,14.454148605150214,6735.63325
2019-08-14,14.254028183716075,6827.6795
2019-08-15,14.281808823529412,6798.141
2019-08-16,13.48321503131524,6458.46
2019-08-17,10.310887552301256,4928.60425
2019-08-18,10.474344863731655,4996.2625
2019-08-19,14.255141877637131,6756.93725
2019-08-20,14.472646608315099,6613.9995
2019-08-21,14.066777659574468,6611.3855
2019-08-22,14.311094142259416,6840.703
2019-08-23,13.84410669456067,6617.483
2019-08-24,11.16197017353579,5145.66825
2019-08-25,10.8967984375,5230.46325
2019-08-26,14.752886752136751,6904.351
2019-08-27,14.626857822410148,6918.50375
2019-08-28,14.618786087866107,6987.77975
2019-08-29,14.863984342379958,7119.8485
2019-08-30,14.332867584745763,6765.1135
2019-08-31,10.65361875,5113.737
2019-09-01,10.803501562500001,5185.68075
2019-09-02,14.75743,7009.77925
2019-09-03,14.505991561181435,6875.84
2019-09-04,14.87975655021834,6814.9285
2019-09-05,15.10520920502092,7220.29
2019-09-06,14.432763616557734,6624.6385
2019-09-07,11.440441422594143,5468.531
2019-09-08,11.933119519832985,5715.96425
2019-09-09,14.395617903930132,6593.193
2019-09-10,14.863838519313305,6926.54875
2019-09-11,14.82229853862213,7099.881
2019-09-12,14.989773758099354,6940.26525
2019-09-13,14.473236344537815,6889.2605
2019-09-14,10.880735416666665,5222.753
2019-09-15,10.8877390625,5226.11475
2019-09-16,14.220564330543933,6797.42975
2019-09-17,14.810038135593219,6990.338
2019-09-18,14.354289956803456,6646.03625
2019-09-19,14.433191983122363,6841.333
2019-09-20,14.415897274633123,6876.383
2019-09-21,10.696845312499999,5134.48575
2019-09-22,11.0304109375,5294.59725
2019-09-23,14.341137605042018,6826.3815
2019-09-24,14.49827358490566,6915.6765
2019-09-25,14.806217948717949,6929.31
2019-09-26,14.421165789473685,6850.05375
2019-09-27,11.5252124217119,5520.57675
2019-09-28,10.368469270833334,4976.86525
2019-09-29,10.624705208333333,5099.8585
2019-09-30,13.402727035490605,6419.90625
2019-10-01,13.988958768267224,6700.71125
2019-10-02,13.402344989561586,6419.72325
2019-10-03,13.43831471816284,6436.95275
2019-10-04,12.887289832285116,6147.23725
2019-10-05,10.44440866388309,5002.87175
2019-10-06,10.732803977272727,4722.43375
2019-10-07,13.8401265625,6643.26075
2019-10-08,14.138202760084926,6659.0935
2019-10-09,14.752501077586206,6845.1605
2019-10-10,14.871171633554082,6736.64075
2019-10-11,13.991745824634656,6702.04625
2019-10-12,10.47211875,5026.617
2019-10-13,10.874027604166667,5219.53325
2019-10-14,14.453532309322034,6822.06725
2019-10-15,14.621471174004192,6974.44175
2019-10-16,14.642785940803384,6926.03775
2019-10-17,14.757307280513919,6891.6625
2019-10-18,14.137565104166667,6786.03125
2019-10-19,10.879972916666667,5222.387
2019-10-20,10.982435937499998,5271.56925
2019-10-21,14.469591858037578,6930.9345
2019-10-22,14.390280271398746,6892.94425
2019-10-23,14.811174628450107,6976.06325
2019-10-24,14.07485319148936,6615.181
2019-10-25,13.719423277661797,6571.60375
2019-10-26,10.867694270833335,5216.49325
2019-10-27,10.902702083333333,5233.297
2019-10-28,13.931141440501044,6673.01675
2019-10-29,14.1929328125,6812.60775
2019-10-30,14.060288541666667,6748.9385
2019-10-31,14.496278765690375,6929.22125
2019-11-01,15.013328810020877,7191.3845
2019-11-02,11.552903645833334,5545.39375
2019-11-03,11.4254640625,5484.22275
2019-11-04,14.242842379958246,6822.3215
2019-11-05,13.861948958333333,6653.7355
2019-11-06,13.713276041666667,6582.3725
2019-11-07,13.612576359832635,6506.8115
2019-11-08,13.449838726513569,6442.47275
2019-11-09,10.335456066945607,4940.348
2019-11-10,10.348815240083509,4957.0825
2019-11-11,14.220914882226982,6641.16725
2019-11-12,14.044395742358079,6432.33325
2019-11-13,14.266136761487966,6519.6245
2019-11-14,15.31773143851508,6601.94225
2019-11-15,13.745118763557484,6336.49975
2019-11-16,11.123038677130046,4960.87525
2019-11-17,10.511350208768267,5034.93675
2019-11-18,13.592603854389722,6347.746
2019-11-19,13.259322191489362,6231.88143
2019-11-20,13.514936073752711,6230.38553
2019-11-21,13.834112341772151,6557.36925
2019-11-22,13.18763102725367,6290.5
2019-11-23,10.353360886075949,5725.40857
2019-11-24,10.694656672240804,6395.40469
2019-11-25,13.268917087542087,7881.73675
2019-11-26,13.450767495741056,7895.60052
2019-11-27,13.445124919210054,7488.93458
2019-11-28,13.730293944444444,7414.35873
2019-11-29,13.076189194991056,7309.58976
2019-11-30,10.2642941218638,5727.47612
2019-12-01,10.67666530647986,6096.37589
2019-12-02,12.676437258347978,7212.8928
2019-12-03,13.223175423423424,7338.86236
2019-12-04,13.573168170515098,7641.69368
2019-12-05,13.523621019332161,7694.94036
2019-12-06,14.750673027681662,8525.88901
2019-12-07,11.447295394495413,6238.77599
2019-12-08,11.392378909090908,6265.8084
2019-12-09,14.207446229802514,7913.54755
2019-12-10,14.53303105175292,8705.2856
2019-12-11,15.08505630017452,8643.73726
2019-12-12,16.150841120840628,9222.13028
2019-12-13,15.050530794223828,8337.99406
2019-12-14,13.109544064748201,7288.9065
2019-12-15,12.736905965517241,7387.40546
2019-12-16,14.803804267631103,8186.50376
2019-12-17,15.564168178752107,9229.55173
2019-12-18,15.35502340425532,8660.2332
2019-12-19,14.815024873096448,8755.6797
2019-12-20,14.566401129326046,7996.95422
2019-12-21,11.048071486988848,5943.86246
2019-12-22,10.605989467889907,5780.26426
2019-12-23,12.273441555555555,6627.65844
2019-12-24,11.972322327746742,6429.13709
2019-12-25,11.865737679558011,6443.09556
2019-12-26,11.604307693693693,6440.39077
2019-12-27,11.008872849056605,5834.70261
2019-12-28,11.039413003731342,5917.12537
2019-12-29,11.128734700193423,5753.55584
2019-12-30,11.810330482374768,6365.76813
2019-12-31,11.257306992753623,6214.03346
2020-01-01,12.073053832442067,6772.9832
2020-01-02,12.336734845360825,7179.97968
2020-01-03,12.856117644991212,7315.13094
2020-01-04,11.08040165232358,6437.71336
2020-01-05,11.804043593155892,6208.92693
2020-01-06,13.590778717504334,7841.87932
2020-01-07,13.281084838709678,7822.55897
2020-01-08,12.76252495378928,6904.526
2020-01-09,12.25038201478743,6627.45667
2020-01-10,11.933572884955753,6742.46868
2020-01-11,8.959910785714285,3763.16253
2020-01-12,9.548480966542751,5137.08276
2020-01-13,12.107262560747664,6477.38547
2020-01-14,12.234617672727273,6729.03972
2020-01-15,13.013492196836555,7404.67706
2020-01-16,12.558155873015872,7120.47438
2020-01-17,11.529403309222424,6375.76003
2020-01-18,9.3121676199262,5047.19485
2020-01-19,9.267882905525846,5199.28231
2020-01-20,12.704339089347078,7393.9253499999995
2020-01-21,12.263368181818182,6609.95545
2020-01-22,12.62219916811092,7283.00892
2020-01-23,12.873053260869566,7698.08585
2020-01-24,12.134650413080895,7050.23189
2020-01-25,9.461686950092421,5118.77264
2020-01-26,9.299040399274048,5123.77126
2020-01-27,10.473867482142857,5865.36579
2020-01-28,12.323597513227513,6987.47979
2020-01-29,12.648738807339448,6893.56265
2020-01-30,12.827209377289378,7003.65632
2020-01-31,12.561302698961939,7260.43296
2020-02-01,11.490475621805793,6744.90919
2020-02-02,9.430477828467154,5167.90185
2020-02-03,11.576027705779335,6609.91182
2020-02-04,12.523887318007663,6537.46918
2020-02-05,12.560757618147447,6644.64078
2020-02-06,13.241392384341637,7441.66252
2020-02-07,13.280199615384616,7596.27418
2020-02-08,11.267794157088122,5881.78855
2020-02-09,10.714751885714286,5625.24474
2020-02-10,13.513324912891987,7756.6485
2020-02-11,13.65130495697074,7931.40818
2020-02-12,13.315816034782609,7656.59422
2020-02-13,14.010629108527132,7229.48462
2020-02-14,13.260498114901257,7386.09745
2020-02-15,11.259915109243698,6699.64949
2020-02-16,9.388306453287198,5426.44113
2020-02-17,13.249562552380953,6956.02034
2020-02-18,13.613815104166667,7841.5575
2020-02-19,13.003104693877551,7645.82556
2020-02-20,12.916398783068782,7323.59811
2020-02-21,12.915319556313994,7568.37726
2020-02-22,10.771824346978557,5525.94589
2020-02-23,10.788156070796461,6095.30818
2020-02-24,13.927233236797274,8175.28591
2020-02-25,14.35726269165247,8427.7132
2020-02-26,12.912309070945946,7644.08697
2020-02-27,13.969623262786596,7920.77639
2020-02-28,13.129776677908938,7785.95757
2020-02-29,10.17934703180212,5761.51042
2020-03-01,10.454130614035087,5958.85445
2020-03-02,13.616760105078809,7775.17002
2020-03-03,13.855365799648505,7883.70314
2020-03-04,14.226120336134455,8464.5416
2020-03-05,15.442098412162164,9141.72226
2020-03-06,12.731785033898305,7511.75317
2020-03-07,10.349576469500924,5599.12087
2020-03-08,10.496902744360902,5584.35226
2020-03-09,13.560415669014084,7702.3161
2020-03-10,14.637665250463822,7889.70157
2020-03-11,15.62186563405797,8623.26983
2020-03-12,15.480517105719237,8932.25837
2020-03-13,15.531705892255893,9225.8333
2020-03-14,10.163540591216217,6016.81603
2020-03-15,10.477190133333334,6286.31408
2020-03-16,14.560353213644525,8110.11674
2020-03-17,14.080386883802817,7997.65975
2020-03-18,14.379786897133222,8527.21363
2020-03-19,14.621930521008403,8700.04866
2020-03-20,12.731954450084602,7524.58508
2020-03-21,10.175182103386808,5708.27716
2020-03-22,10.072513166089966,5821.91261
2020-03-23,12.36418143598616,7146.49687
2020-03-24,12.84769079787234,7246.09761
2020-03-25,12.577476998284734,7332.66909
2020-03-26,12.451504668989546,7147.16368
2020-03-27,11.827916065292095,6883.84715
2020-03-28,10.394834667931688,5478.07787
2020-03-29,10.088279424460431,5609.08336
2020-03-30,11.39058561061947,6435.68087
2020-03-31,11.369058350694445,6548.57761
2020-04-01,12.093447218309858,6869.07802
2020-04-02,12.275793405676128,7353.20025
2020-04-03,11.430818516579407,6549.85901
2020-04-04,10.938337272727273,6016.0855
2020-04-05,10.354210393559928,5788.00361
2020-04-06,11.06616203180212,6263.44771
2020-04-07,10.877351391752578,6330.61851
2020-04-08,11.063365325342467,6461.00535
2020-04-09,11.108982741935483,6198.81237
2020-04-10,10.215394726631393,5792.12881
2020-04-11,9.335347770034844,5358.48962
2020-04-12,9.422779808027924,5399.25283
2020-04-13,10.307201578014185,5813.26169
2020-04-14,10.418322345679012,5907.18877
2020-04-15,10.691737953736656,6008.75673
2020-04-16,10.339229879725085,6017.43179
2020-04-17,10.026960593368237,5745.44842
2020-04-18,9.223778825622777,5183.7637
2020-04-19,9.19924461832061,4820.4041799999995
2020-04-20,9.241979450354611,5212.47641
2020-04-21,9.526404018018019,5287.15423
2020-04-22,9.476476844919786,5316.30351
2020-04-23,9.598911666666666,5644.16006
2020-04-24,9.392884901610017,5250.62266
2020-04-25,9.149346944971537,4821.70584
2020-04-26,8.951752722222222,4833.94647
2020-04-27,8.999584188948306,5048.76673
2020-04-28,9.112666578483244,5166.88195
2020-04-29,9.693668436944938,5457.53533
2020-04-30,10.205202130177515,5174.03748
2020-05-01,9.632487540687162,5326.76561
2020-05-02,9.00540892733564,5205.12636
2020-05-03,8.933237087719299,5091.94514
2020-05-04,9.616118208191125,5635.04527
2020-05-05,10.131252670250896,5653.23899
2020-05-06,9.864399912280701,5622.70795
2020-05-07,9.629074791666666,5546.34708
2020-05-08,9.747665575221239,5507.43105
2020-05-09,8.848219238578679,5229.29757
2020-05-10,8.94717727112676,5081.99669
2020-05-11,9.748390120274914,5673.56305
2020-05-12,9.730448017699114,5497.70313
2020-05-13,10.05473830220713,5922.24086
2020-05-14,10.58883006802721,6226.23208
2020-05-15,10.362916225402504,5792.87017
2020-05-16,9.51502008912656,5337.92627
2020-05-17,9.532826494661922,5357.44849
2020-05-18,10.514256838365897,5919.5266
2020-05-19,10.303642646536412,5800.95081
2020-05-20,10.259374973730297,5858.10311
2020-05-21,10.311523490725127,6114.73343
2020-05-22,10.436263457627119,6157.39544
2020-05-23,9.769871531365315,5295.27037
2020-05-24,9.65537949211909,5513.22169
2020-05-25,10.528139039145907,5916.81414
2020-05-26,10.55636067857143,5911.56198
2020-05-27,10.493959349736379,5971.06287
2020-05-28,10.428981878260869,5996.66458
2020-05-29,10.66176812720848,6034.56076
2020-05-30,9.368480549645389,5283.82303
2020-05-31,9.09229092495637,5209.8827
2020-06-01,10.098603547297298,5978.3733
2020-06-02,10.094066828422877,5824.27656
2020-06-03,10.276994956217164,5868.16412
2020-06-04,10.203507946902656,5764.98199
2020-06-05,10.107486077738516,5720.83712
2020-06-06,9.204747452339689,5311.13928
2020-06-07,8.843921293103449,5129.47435
2020-06-08,9.205801637630662,5284.13014
2020-06-09,10.070512892416225,5709.98081
2020-06-10,10.38153130952381,6104.34041
2020-06-11,10.304046633333334,6182.42798
2020-06-12,12.141220587248323,7236.16747
2020-06-13,11.308897370184255,6751.41173
2020-06-14,10.98878985,6593.27391
2020-06-15,11.900957966666667,7140.57478
2020-06-16,12.095263038397329,7245.06256
2020-06-17,12.705144741235392,7610.3817
2020-06-18,12.491828294314383,7470.11332
2020-06-19,11.464941148409894,6489.15669
2020-06-20,9.993850862944162,5906.36586
2020-06-21,10.9302679,6558.16074
2020-06-22,11.753247697478992,6993.18238
2020-06-23,12.09281572621035,7243.59662
2020-06-24,11.55268988593156,6076.71488
2020-06-25,12.871879195979899,7684.51188
2020-06-26,12.441122881072028,7427.35036
2020-06-27,11.506385546218487,6846.2994
2020-06-28,10.969261092150171,6427.987
2020-06-29,12.276435847750864,7095.77992
2020-06-30,12.676236275510204,7453.62693
2020-07-01,12.360312621527777,7119.54007
2020-07-02,12.626836661073826,7525.59465
2020-07-03,13.704411845637583,8167.82946
2020-07-04,9.565389158878505,1023.49664
2020-07-05,11.893470437636761,5435.31599
2020-07-06,13.183245017123287,7699.01509
2020-07-07,13.733647265100672,8185.25377
2020-07-08,13.030793687821612,7596.95272
2020-07-09,11.964990697278912,7035.41453
2020-07-10,12.075155145797599,7039.81545
2020-07-11,11.997255633333333,7198.3533800000005
2020-07-12,11.076780898305085,6535.30073
2020-07-13,12.14896861111111,6123.08018
2020-07-14,12.338026849557522,6970.98517
2020-07-15,12.421922558983667,6844.47933
2020-07-16,12.940994673721342,7337.54398
2020-07-17,12.715254431239389,7489.28486
2020-07-18,10.71371712585034,6299.66567
2020-07-19,10.47808277486911,6003.94143
2020-07-20,12.521324186471663,6849.16433
2020-07-21,11.971712919847327,6273.17757
2020-07-22,12.010417067669172,6389.54188
2020-07-23,12.086593669201521,6357.54827
2020-07-24,12.081124707112972,5774.77761
2020-07-25,12.263603333333334,4966.75935
2020-07-26,9.357697948717949,2919.60176
2020-07-27,12.533576822222221,5640.10957
2020-07-28,12.1231401208981,7019.29813
2020-07-29,12.180246500857633,7101.08371
2020-07-30,12.22266520689655,7089.14582
2020-07-31,12.352905901926446,7053.5092700000005
2020-08-01,10.47839847368421,5972.68713
2020-08-02,10.428828059964728,5913.14551
2020-08-03,11.875569412780656,6875.95469
2020-08-04,12.74950393581081,7547.70633
2020-08-05,11.930604246575342,6967.47288
2020-08-06,12.648239672727273,6956.53182
2020-08-07,12.662673685121106,7319.02539
2020-08-08,11.061700444444444,5973.31824
2020-08-09,10.916568645640075,5884.0305
2020-08-10,11.462076836555362,6521.92172
2020-08-11,11.392072347826087,6550.4416
2020-08-12,11.433335284974094,6619.90113
2020-08-13,11.206044228769498,6465.88752
2020-08-14,11.992822798573973,6727.97359
2020-08-15,9.790897580645161,4856.2852
2020-08-16,10.286701347368421,4886.18314
2020-08-17,11.429093790186126,6754.59443
2020-08-18,11.556018717504333,6667.8228
2020-08-19,12.486549648829431,7466.95669
2020-08-20,11.293168020134228,6730.72814
2020-08-21,11.613588719723182,6712.65428
2020-08-22,11.774149065255731,6675.94252
2020-08-23,10.816971394957983,6436.09798
2020-08-24,11.850815784148399,7027.53376
2020-08-25,12.245597220338983,7224.90236
2020-08-26,12.197649981651377,6647.71924
2020-08-27,12.382077003816793,6488.20835
2020-08-28,11.88015366471735,6094.51883
2020-08-29,11.188313786610879,5348.01399
2020-08-30,10.15433067641682,5554.41888
2020-08-31,10.789106023688662,6376.36166
2020-09-01,11.999828509532064,6923.90105
2020-09-02,12.19498139084507,6926.74943
2020-09-03,12.239872460732984,7013.44692
2020-09-04,12.04259770053476,6755.89731
2020-09-05,10.161794193548387,5985.29678
2020-09-06,11.168962313575527,5841.36729
2020-09-07,11.437583576388889,6588.04814
2020-09-08,11.429075140624999,7314.60809
2020-09-09,11.164240607553367,6799.02253
2020-09-10,11.052454926590539,6775.15487
2020-09-11,11.142555877342419,6540.6803
2020-09-12,10.076722607361964,6570.02314
2020-09-13,9.86926166389351,5931.42626
2020-09-14,10.6519782247557,6540.31463
2020-09-15,10.962494431438127,6555.57167
2020-09-16,11.105113023255814,6685.27804
2020-09-17,10.108793598726114,3174.16119
2020-09-18,10.351835529157666,4792.89985
2020-09-19,10.45322086419753,6773.68712
2020-09-20,10.344164327666151,6692.67432
2020-09-21,11.48187687878788,7578.03874
2020-09-22,10.468858670988654,6459.2858
2020-09-23,10.460414071762871,6705.12542
2020-09-24,11.275303236714976,7001.96331
2020-09-25,12.091133457943926,7762.50768
2020-09-26,9.752733105590062,6280.76012
2020-09-27,10.236909882154883,6080.72447
2020-09-28,11.368313957654722,6980.14477
2020-09-29,11.820515983606558,7210.51475
2020-09-30,12.401433376205787,7713.69156
2020-10-01,11.830819598662206,7074.83012
2020-10-02,11.074011133333334,6644.40668
2020-10-03,9.298962491582492,5523.58372
2020-10-04,8.603970218487396,5119.36228
2020-10-05,12.273613492537315,8223.32104
2020-10-06,12.880469985119047,8655.67583
2020-10-07,11.991671798780487,7866.5367
2020-10-08,11.552730188679245,7347.5364
2020-10-09,11.38776326433121,7151.51533
2020-10-10,10.076739816971715,6056.12063
2020-10-11,10.216996468590832,6017.81092
2020-10-12,12.151811215106731,7400.45303
2020-10-13,12.307375324881141,7765.95383
2020-10-14,12.586781964285715,7753.45769
2020-10-15,12.720714962742175,8535.59974
2020-10-16,12.923286331168832,7960.74438
2020-10-17,10.348316699186991,6364.21477
2020-10-18,10.123325562913907,6114.48864
2020-10-19,12.022537321131448,7225.54493
2020-10-20,11.989935132890366,7217.94095
2020-10-21,11.568417957166393,7022.0297
2020-10-22,11.067339932885906,6596.1346
2020-10-23,10.004366709265176,6262.73356
2020-10-24,8.830958703125,5651.81357
2020-10-25,8.935365646481179,5459.50841
2020-10-26,10.837248314424635,6686.58221
2020-10-27,11.21711838762215,6887.31069
2020-10-28,11.041207333333334,6624.7244
2020-10-29,11.099267684729064,6759.45402
2020-10-30,11.23344263502455,6863.63345
2020-10-31,8.499280900763358,5567.02899
2020-11-01,9.261301369150779,5343.77089
2020-11-02,11.433277537688442,6825.66669
2020-11-03,11.094551262458472,6678.91986
2020-11-04,12.91102904761905,8676.21152
2020-11-05,11.033093664495114,6774.31951
2020-11-06,11.71655496845426,7428.29585
2020-11-07,10.297984459234609,6189.08866
2020-11-08,10.753846857142857,6022.15424
2020-11-09,11.512853416252073,6942.25061
2020-11-10,11.975037083333333,7185.02225
2020-11-11,12.425420758725341,8188.35228
2020-11-12,11.87394830371567,7349.974
2020-11-13,11.54439568,7215.2473
2020-11-14,10.16788554438861,6070.22767
2020-11-15,10.732496471518989,6782.9377700000005
2020-11-16,12.550582885245902,7655.85556
2020-11-17,11.437826924342104,6954.19877
2020-11-18,12.183708915254236,7188.38826
2020-11-19,12.590714896907217,7327.79607
2020-11-20,12.047580050847458,7108.07223
2020-11-21,10.180360192926045,6332.18404
2020-11-22,10.90681128482972,7045.80009
2020-11-23,13.578486806596702,9056.8507
2020-11-24,12.911500047923322,8082.59903
2020-11-25,14.461113825944171,8806.81832
2020-11-26,12.262036006493506,7553.41418
2020-11-27,13.024012742474916,7788.35962
2020-11-28,11.139495647590362,7396.62511
2020-11-29,10.288924404945904,6656.93409
2020-11-30,12.817942466666667,7690.76548
2020-12-01,13.839383601190477,9300.06578
2020-12-02,11.670865603174603,7352.64533
2020-12-03,13.31536889261745,7935.95986
2020-12-04,13.345295728643217,7967.14155
2020-12-05,12.151814625748502,8117.41217
2020-12-06,10.36275536923077,6735.79099
2020-12-07,12.059679938366719,7826.73228
2020-12-08,13.043094184615384,8478.01122
2020-12-09,13.330912818791946,7945.22404
2020-12-10,13.421367009966778,8079.66294
2020-12-11,13.736724057724958,8090.93047
2020-12-12,12.688924460176992,7169.24232
2020-12-13,12.131028466780238,7120.91371
2020-12-14,13.465813,7406.19715
2020-12-15,13.627471638225256,7985.69838
2020-12-16,13.635039228295819,8480.9944
2020-12-17,13.736905891719747,8626.7769
2020-12-18,13.181670289389068,8198.99892
2020-12-19,11.136274420062696,7104.94308
2020-12-20,11.322267050847458,6680.13756
2020-12-21,11.695443884555383,7496.77953
2020-12-22,12.015113902439024,7881.91472
2020-12-23,10.921746241721854,6596.73473
2020-12-24,10.643449433333334,6386.06966
2020-12-25,10.18082750410509,6200.12395
2020-12-26,10.954728727598566,6112.73863
2020-12-27,9.96702532835821,6677.90697
2020-12-28,9.962635518394649,5957.65604
2020-12-29,10.2008643946932,6151.12123
2020-12-30,10.041228887015178,5954.44873
2020-12-31,9.800115216718266,6330.87443
2021-01-01,10.044413424437298,6247.62515
2021-01-02,10.564317496038035,6666.08434
2021-01-03,10.138145411392404,6407.3079
2021-01-04,11.891816526946108,7943.73344
2021-01-05,14.04188895522388,9408.0656
2021-01-06,12.485061504559269,8215.17047
2021-01-07,13.810751565891474,8907.93476
2021-01-08,14.013310846846847,7777.38752
2021-01-09,14.9171419237435,8607.19089
2021-01-10,13.424189666666667,8054.5138
2021-01-11,11.86637027914614,7226.6195
2021-01-12,12.73985655844156,7847.75164
2021-01-13,13.57296310289389,8442.38305
2021-01-14,12.545980866873064,8104.70364
2021-01-15,12.444251775700934,7989.20964
2021-01-16,10.462435813253013,6947.05738
2021-01-17,10.464026993127149,6090.06371
2021-01-18,11.393721796875,7291.98195
2021-01-19,12.654167856,7908.85491
2021-01-20,13.690797356902356,8132.33363
2021-01-21,13.926255361842104,8467.16326
2021-01-22,13.84015297029703,8387.1327
2021-01-23,12.70699531690141,7217.57334
2021-01-24,10.90915171846435,5967.30599
2021-01-25,13.927949799382716,9025.31147
2021-01-26,12.10229008982036,8084.32978
2021-01-27,13.57864889632107,8120.03204
2021-01-28,12.76255171073095,8206.32075
2021-01-29,14.968963970149254,10029.20586
2021-01-30,10.472465915492958,6691.90572
2021-01-31,10.4337376369863,6093.30278
2021-02-01,12.431579399684045,7869.18976
2021-02-02,12.96972843601896,8209.8381
2021-02-03,13.926176600985222,8481.04155
2021-02-04,15.274680901898735,9653.59833
2021-02-05,15.161593055975795,10021.81301
2021-02-06,11.56771045592705,7611.55348
2021-02-07,12.493158336025848,7733.26501
2021-02-08,13.528057257053293,8630.90053
2021-02-09,13.475572220279721,7708.02731
2021-02-10,14.110419755639098,7506.74331
2021-02-11,15.19097996350365,8324.65702
2021-02-12,14.528819275362318,8019.90824
2021-02-13,10.253216217228465,5475.21746
2021-02-14,10.215350881226053,5332.41316
2021-02-15,12.01422541970803,6583.79553
2021-02-16,12.759651143911439,6915.73092
2021-02-17,12.988873113553113,7091.92472
2021-02-18,14.226213475836431,7653.70285
2021-02-19,14.014356242990655,7497.68059
2021-02-20,11.228630691489363,6332.94771
2021-02-21,11.081148588850173,6360.57929
2021-02-22,13.939143224043717,7652.58963
2021-02-23,13.666994962825278,7352.84329
2021-02-24,14.326128167641325,7349.30375
2021-02-25,14.22987355475763,7926.03957
2021-02-26,14.305600892857143,8011.1365
2021-02-27,10.89268,6023.65204
2021-02-28,12.264391469465648,6426.54113
2021-03-01,14.596119821428573,8173.8271
2021-03-02,15.419851484794277,8619.69698
2021-03-03,15.0208947833935,8321.57571
2021-03-04,15.816918687943263,8920.74214
2021-03-05,14.998820176366841,8504.33104
2021-03-06,13.026486948176583,6786.7997
2021-03-07,12.76657335135135,7085.44821
2021-03-08,15.924763220035777,8901.94264
2021-03-09,14.734320400728597,8089.1419
2021-03-10,15.047238493408663,7990.08364
2021-03-11,15.568759744058502,8516.11158
2021-03-12,15.455842187500002,8407.97815
2021-03-13,12.563965410122163,7199.15218
2021-03-14,13.892354384057972,7668.57962
2021-03-15,14.346092641165756,7876.00486
2021-03-16,15.012955366795365,7776.71088
2021-03-17,15.06461895038168,7893.86033
2021-03-18,14.74041871086556,8004.04736
2021-03-19,14.182436525735294,7715.24547
2021-03-20,11.126003846153845,6219.4361499999995
2021-03-21,12.49582535652174,7185.09958
2021-03-22,15.248549601449275,8417.19938
2021-03-23,16.229016007462686,8698.75258
2021-03-24,16.6769679462572,8688.7003
2021-03-25,16.25073868421053,8645.39298
2021-03-26,15.253056607142858,8541.7117
2021-03-27,11.78388638938053,6657.89581
2021-03-28,13.450267552447553,7693.55304
2021-03-29,14.976777381404174,7892.76168
2021-03-30,15.644758925925924,8448.16982
2021-03-31,15.481998056074765,8282.86896
2021-04-01,15.17711255278311,7907.27564
2021-04-02,13.8984996875,8005.53582
2021-04-03,12.437900884476536,6890.59709
2021-04-04,12.040902169981917,6658.6189
2021-04-05,13.198131972076789,7562.52962
2021-04-06,13.688620086956522,7870.95655
2021-04-07,14.391838159722223,8289.69878
2021-04-08,15.058386944937832,8477.87185
2021-04-09,14.706230156250001,8470.78857
2021-04-10,13.524541324041813,7763.08672
2021-04-11,12.916210960854093,7258.91056
2021-04-12,15.853419981884059,8751.08783
2021-04-13,15.028181519699812,8010.02075
2021-04-14,15.422308694885361,8744.44903
2021-04-15,15.841504126126125,8792.03479
2021-04-16,16.437525096660806,9352.95178
2021-04-17,12.772640300884955,7216.54177
2021-04-18,12.92806036971831,7343.13829
2021-04-19,15.846644113475177,8937.50728
2021-04-20,16.084130637168144,9087.53381
2021-04-21,16.077876382978726,9067.92228
2021-04-22,16.102515921985816,9081.81898
2021-04-23,16.134996110124334,9084.00281
2021-04-24,12.673659531250001,7300.02789
2021-04-25,12.64962024347826,7273.53164
2021-04-26,14.22757855652174,8180.85767
2021-04-27,16.072783557522122,9081.12271
2021-04-28,15.811673898916968,8759.66734
2021-04-29,15.291292647058825,8318.4632
2021-04-30,15.422240564663023,8466.81007
2021-05-01,12.99596097173145,7355.71391
2021-05-02,13.372692979094076,7675.92577
2021-05-03,16.044739474637684,8856.69619
2021-05-04,15.914722963636365,8753.09763
2021-05-05,16.134734889705882,8777.29578
2021-05-06,14.497550990654204,7756.18978
2021-05-07,13.419281833030853,7394.02429
2021-05-08,10.715957946428572,6000.93645
2021-05-09,12.027605834797892,6843.70772
2021-05-10,15.434699122807018,8797.7785
2021-05-11,15.697423708487086,8508.00365
2021-05-12,14.901248669064747,8285.09426
2021-05-13,15.2551070990991,8466.58444
2021-05-14,14.944150442477875,8443.445
2021-05-15,12.222048402154398,6807.68096
2021-05-16,12.407152904929578,7047.26285
2021-05-17,15.349898017699116,8672.69238
2021-05-18,15.33565181146026,8296.58763
2021-05-19,14.60653376130199,8077.41317
2021-05-20,15.674490618374557,8871.76169
2021-05-21,15.68444814814815,8469.602
2021-05-22,12.572770731261425,6877.30559
2021-05-23,13.988912658486708,6840.57829
2021-05-24,15.372423098859315,8085.89455
2021-05-25,15.045493239929948,8590.97664
2021-05-26,15.682081350877192,8938.78637
2021-05-27,15.333204358523725,8724.59328
2021-05-28,13.370625225694445,7701.48013
2021-05-29,11.481601823104693,6360.80741
2021-05-30,11.272004990958408,6233.41876
2021-05-31,12.971470959147425,7302.93815
2021-06-01,12.111616296296296,6867.28644
2021-06-02,12.049997891891893,6687.74883
2021-06-03,11.904697915194346,6738.05902
2021-06-04,11.971628007054674,6787.91308
2021-06-05,10.372717127468581,5777.60344
2021-06-06,10.275061731448764,5815.68494
2021-06-07,11.989290104166667,6905.8311
2021-06-08,12.378135895652173,7117.42814
2021-06-09,12.836544941176472,4364.42528
2021-06-10,16.453406145833334,1579.52699
2021-06-11,13.119424305555555,6612.18985
2021-06-12,10.327587723292469,5897.05259
2021-06-13,10.376264315789474,5914.47066
2021-06-14,11.586155999999999,6604.10892
2021-06-15,12.705102204585538,7203.79295
2021-06-16,13.389631979166667,7712.42802
2021-06-17,13.490478643478262,7757.02522
2021-06-18,13.994649791666667,8060.91828
2021-06-19,10.873236590509666,6186.87162
2021-06-20,10.868395719360569,6118.90679
2021-06-21,13.582415793226382,7619.73526
2021-06-22,13.855469229422066,7911.47293
2021-06-23,14.225786788194446,8194.05319
2021-06-24,13.924128280701755,7936.75312
2021-06-25,14.403123559027778,8296.19917
2021-06-26,11.553040364583333,6654.55125
2021-06-27,11.67882205574913,6703.64386
2021-06-28,13.901298362989323,7812.52968
2021-06-29,14.082416660039762,7083.45558
2021-06-30,14.62504644736842,7780.52471
2021-07-01,13.632573772241992,7661.50646
2021-07-02,14.260583895652175,8199.83574
2021-07-03,11.536182135416666,6644.84091
2021-07-04,12.051506655052265,6917.56482
2021-07-05,14.568399427083332,8391.39807
2021-07-06,14.408071961805556,8299.04945
2021-07-07,14.483881695804195,8284.78033
2021-07-08,14.409123741258743,8242.01878
2021-07-09,15.073420041841006,7205.09478
2021-07-10,19.23439868131868,1750.33028
2021-07-11,12.171453005671077,6438.69864
2021-07-12,14.088154145454546,7748.48478
2021-07-13,13.833859599303135,7940.63541
2021-07-14,14.511332013888888,8358.52724
2021-07-15,13.938595497382199,7986.81522
2021-07-16,12.682811286956522,7292.61649
2021-07-17,10.648827934027778,6133.72489
2021-07-18,10.69794186500888,6022.94127
2021-07-19,12.885560746527778,7422.08299
2021-07-20,13.391925868055557,7713.7493
2021-07-21,12.92388220486111,7444.15615
2021-07-22,12.522094583333335,7212.72648
2021-07-23,12.856215503472221,7405.18013
2021-07-24,10.711172587412587,6126.79072
2021-07-25,10.513508776223777,6013.72702
2021-07-26,12.694027048611112,7311.75958
2021-07-27,12.451694667832168,7122.36935
2021-07-28,13.997284440559442,8006.4467
2021-07-29,13.890878350877193,7917.80066
2021-07-30,15.115913363636363,6651.00188
2021-07-31,11.795177737226279,6463.7574
2021-08-01,11.776253386243386,6677.13567
2021-08-02,14.015696201413427,7932.88405
2021-08-03,14.323098987783595,8207.13572
2021-08-04,14.615084375,8418.2886
2021-08-05,14.456495538194446,8326.94143
2021-08-06,13.1412476,7556.21737
2021-08-07,10.505067108013938,6029.90852
2021-08-08,10.512862665474062,5876.69023
2021-08-09,12.258533196428571,6864.77859
2021-08-10,12.3030961732852,6815.91528
2021-08-11,12.516915901060072,7084.5744
2021-08-12,12.406418494623654,6922.78152
2021-08-13,11.577049229390681,6459.99347
2021-08-14,9.37981122905028,5036.95863
2021-08-15,10.546130621468926,5599.99536
2021-08-16,12.445865793226382,6982.13071
2021-08-17,12.40146898467433,6473.56681
2021-08-18,12.653147949183303,6971.88452
2021-08-19,12.67273079710145,6995.3474
2021-08-20,13.109303414634146,7524.74016
2021-08-21,10.704377229357798,5833.88559
2021-08-22,11.04459124528302,5853.63336
2021-08-23,12.893421759581882,7400.82409
2021-08-24,12.712454727592267,7233.38674
2021-08-25,12.645426833631484,7068.7936
2021-08-26,12.808065,7070.05188
2021-08-27,12.710091316270567,6952.41995
2021-08-28,10.842248742857143,5692.18059
2021-08-29,10.298777370304116,5757.01655
2021-08-30,12.28571610909091,6757.14386
2021-08-31,12.607462314487632,7135.82367
2021-09-01,13.19126575367647,7176.04857
2021-09-02,13.414156856617648,7297.30133
2021-09-03,13.01767982300885,7354.9891
2021-09-04,10.644214262589928,5918.18313
2021-09-05,10.352059642857142,5797.1534
2021-09-06,13.07478440285205,7334.95405
2021-09-07,13.391024848484848,7512.36494
2021-09-08,13.054302252747252,7127.64903
2021-09-09,13.112560983606556,7198.79598
2021-09-10,12.793168910714286,7164.17459
2021-09-11,10.251126146788991,5586.86375
2021-09-12,10.390509505494505,5673.21819
2021-09-13,12.527392634408603,6990.28509
2021-09-14,12.757777054545453,7016.7773799999995
2021-09-15,12.840327024029575,6946.61692
2021-09-16,12.932952779850746,6932.06269
2021-09-17,12.593868930481284,7065.16047
2021-09-18,10.34510048736462,5731.18567
2021-09-19,10.069202495543673,5648.8226
2021-09-20,12.63926511545293,7115.90626
2021-09-21,12.476278021201415,7061.57336
2021-09-22,12.533049074733096,7043.57358
2021-09-23,12.447971170018281,6809.04023
2021-09-24,11.47208665474061,6412.89644
2021-09-25,10.141421467391305,5598.06465
2021-09-26,10.67127480842912,5570.40545
2021-09-27,12.421664632352941,6757.38556
2021-09-28,12.453434401473297,6762.21488
2021-09-29,12.450981935483872,6947.64792
2021-09-30,12.754816998223802,7180.96197
2021-10-01,12.418087618181818,6829.94819
2021-10-02,10.068655925266905,5658.58463
2021-10-03,10.596538914728683,5467.81408
2021-10-04,12.405127428057554,6897.25085
2021-10-05,12.08478679144385,6779.56539
2021-10-06,12.50555163003663,6828.03119
2021-10-07,12.455075685557587,6812.9264
2021-10-08,12.424143321033212,6733.88568
2021-10-09,10.772794277673546,5741.89935
2021-10-10,10.482245074074074,5660.41234
2021-10-11,12.354208604651163,6906.00261
2021-10-12,12.237660235507246,6755.18845
2021-10-13,12.79038487410072,7111.45399
2021-10-14,12.38033378427788,6772.04258
2021-10-15,12.412713167259787,6975.9448
2021-10-16,10.091335871886121,5671.33076
2021-10-17,10.220922354014599,5601.06545
2021-10-18,12.48997115248227,7044.34373
2021-10-19,12.15196179856115,6756.49076
2021-10-20,12.782195388888889,6902.38551
2021-10-21,12.692165565693431,6955.30673
2021-10-22,12.58650834264432,6758.95498
2021-10-23,10.354134395017795,5819.02353
2021-10-24,10.75730659090909,5679.85788
2021-10-25,12.581055996343693,6881.83763
2021-10-26,12.629908308550185,6794.89067
2021-10-27,12.773281679104477,6846.47898
2021-10-28,12.989942175502742,7105.49837
2021-10-29,11.636536294964028,6469.91418
2021-10-30,9.730784448598131,5205.96968
2021-10-31,10.462860355731225,5294.20734
2021-11-01,12.00683091588785,6423.6545399999995
2021-11-02,12.249385364485981,6553.42117
2021-11-03,13.630812394366197,7742.30144
2021-11-04,12.614775772058822,6862.43802
2021-11-05,12.78067255985267,6939.9052
2021-11-06,11.119530933333333,5837.75374
2021-11-07,10.44657865942029,5766.51142
2021-11-08,12.257308457350273,6753.77696
2021-11-09,12.508138706739526,6866.96815
2021-11-10,13.07622877408056,7466.52663
2021-11-11,12.563499927797833,6960.17896
2021-11-12,13.1015481184669,7520.28862
2021-11-13,10.405368992673992,5681.33147
2021-11-14,10.126072206148281,5599.71793
2021-11-15,12.649560315236428,7222.89894
2021-11-16,13.148583105924596,7323.76079
2021-11-17,12.548137083333334,6324.26109
2021-11-18,12.833488870292888,6134.40768
2021-11-19,12.264912541666666,5887.15802
2021-11-20,10.530393520518357,4875.5722
2021-11-21,10.590655965292843,4882.2924
2021-11-22,12.74931140167364,6094.17085
2021-11-23,12.863281945031714,6084.33236
2021-11-24,12.552569352051837,5811.83961
2021-11-25,12.562290020920502,6004.77463
2021-11-26,12.817190985507246,4421.93089
2021-11-28,16.935614224137932,3929.0625
2021-11-29,14.357090515463918,5570.55112
2021-11-30,12.846084989154013,5922.04518
2021-12-01,12.778484828375285,5584.19787
2021-12-02,13.031075726872245,5916.10838
2021-12-03,12.501522320675106,5925.72158
2021-12-04,10.319701255506608,4685.14437
2021-12-05,10.735650000000001,4755.89295
2021-12-06,12.686332682403433,5911.83103
2021-12-07,12.859004708333334,6172.32226
2021-12-08,12.427355407098121,5952.70324
2021-12-09,12.3886093125,5946.53247
2021-12-10,12.191322645833333,5851.83487
2021-12-11,10.34885869379015,4832.91701
2021-12-12,11.370758819599109,5105.47071
2021-12-13,12.946924537634409,6020.31991
2021-12-14,12.603167643312101,5936.09196
2021-12-15,12.542925157232705,5982.9753
2021-12-16,12.248012788259958,5842.3021
2021-12-17,12.377139552238805,5804.87845
2021-12-18,11.059132760869565,5087.20107
2021-12-19,9.704425609243698,4619.30659
2021-12-20,12.265849219409283,5814.01253
2021-12-21,12.239935270833334,5875.16893
2021-12-22,11.962295145833334,5741.90167
2021-12-23,10.792603438155135,5148.07184
2021-12-24,10.623709185803758,5088.7567
2021-12-25,9.745286280087528,4453.59583
2021-12-26,9.199806012658229,4360.70805
2021-12-27,10.4592811875,5020.45497
2021-12-28,10.387037970711297,4965.00415
2021-12-29,10.356746062500001,4971.23811
2021-12-30,10.453962881002088,5007.44822
2021-12-31,10.652808020833334,5113.34785
2022-01-01,9.750189299363056,4592.3391599999995
2022-01-02,9.836328862660945,4583.72925
2022-01-03,10.586515979166668,5081.52767
2022-01-04,11.160099979166667,5356.84799
2022-01-05,11.371704948240165,5492.53349
2022-01-06,11.366706020833334,5456.01889
2022-01-07,11.327298075313808,5414.44848
2022-01-08,9.267007389473685,4401.82851
2022-01-09,10.066228845315905,4620.39904
2022-01-10,11.710096889352819,5609.13641
2022-01-11,11.818804551148226,5661.20738
2022-01-12,11.910466854166666,5717.02409
2022-01-13,12.099246534446765,5795.53909
2022-01-14,12.083666229166665,5800.15979
2022-01-15,9.907428776371308,4696.12124
2022-01-16,10.604387594654789,4761.37003
2022-01-17,11.918161312499999,5720.71743
2022-01-18,11.834778953974896,5657.02434
2022-01-19,12.339623895833334,5923.01947
2022-01-20,12.680993507306889,6074.19589
2022-01-21,12.872998389121339,6153.29323
2022-01-22,11.516439977924945,5216.94731
2022-01-23,11.350259628008754,5187.06865
2022-01-24,13.171686826722338,6309.23799
2022-01-25,13.734956924686193,6565.30941
2022-01-26,12.865897749999998,6175.63092
2022-01-27,13.483256375,6471.96306
2022-01-28,13.694754645833333,6573.48223
2022-01-29,10.27600589958159,4911.93082
2022-01-30,10.775419700854702,5042.89642
2022-01-31,13.518535870020965,6448.34161
2022-02-01,12.934839395833334,6208.72291
2022-02-02,11.944810833333333,5733.5092
2022-02-03,12.024417794759826,5507.18335
2022-02-04,12.060127828810021,5776.80123
2022-02-05,10.123311986899562,4636.47689
2022-02-06,10.198987286652079,4660.93719
2022-02-07,12.347283437500002,5926.6960500000005
2022-02-08,12.564646229166668,6031.03019
2022-02-09,12.885104518828452,6159.07996
2022-02-10,12.550645729166666,6024.30995
2022-02-11,12.341568538622129,5911.61133
2022-02-12,10.356767015250544,4753.75606
2022-02-13,10.240702229437229,4731.20443
2022-02-14,12.449981174004193,5938.64102
2022-02-15,12.833404175365345,6147.2006
2022-02-16,12.769922145833334,6129.56263
2022-02-17,12.239263729166668,5874.84659
2022-02-18,11.80569569037657,5643.12254
2022-02-19,10.379380133928573,4649.9623
2022-02-20,9.827322424892705,4579.53225
2022-02-21,12.097323958333334,5806.7155
2022-02-22,12.143238666666667,5828.75456
2022-02-23,12.811888397435897,5995.96377
2022-02-24,12.544681645833332,6021.44719
2022-02-25,12.074697666666667,5795.85488
2022-02-26,10.229675888650963,4777.25864
2022-02-27,10.085665350318472,4750.34838
2022-02-28,12.926616615384615,5881.61056
2022-03-01,13.538892188183807,6187.27373
2022-03-02,13.546770917030567,6204.42108
2022-03-03,13.284552,6376.58496
2022-03-04,12.800132951541851,5811.26036
2022-03-05,9.688090867678959,4466.20989
2022-03-06,9.508556392405064,4507.05573
2022-03-07,12.47033268558952,5711.41237
2022-03-08,12.92468553014553,6216.77374
2022-03-09,12.777067787418655,5890.22825
2022-03-10,12.717832086021504,5913.79192
2022-03-11,12.398034683544305,5876.66844
2022-03-12,9.856538461538461,640.675
2022-03-15,12.749623318385652,5686.332
2022-03-16,12.92174475663717,5840.62863
2022-03-17,13.088197565789475,5968.21809
2022-03-18,12.818237813852814,5922.02587
2022-03-19,10.47691170995671,4840.33321
2022-03-20,10.256952733050847,4841.28169
2022-03-21,12.864591937639199,5776.20178
2022-03-22,12.981227687224669,5893.47737
2022-03-23,12.840395043290043,5932.26251
2022-03-24,13.002064523809524,6006.95381
2022-03-25,12.826069316239316,6002.60044
2022-03-26,10.372688366013072,4761.06396
2022-03-27,10.325810865800866,4770.52462
2022-03-28,13.148495032397408,6087.7532
2022-03-29,13.327668986784142,6050.76172
2022-03-30,13.27815061135371,6081.39298
2022-03-31,13.2391056587473,6129.70592
2022-04-01,12.9922255,6236.26824
2022-04-02,9.9320736875,4767.39537
2022-04-03,9.985331833333333,4792.95928
2022-04-04,13.081836315789474,6213.87225
2022-04-05,13.10342600840336,6237.23078
2022-04-06,13.418449764957264,6279.83449
2022-04-07,13.652596616702356,6375.76262
2022-04-08,13.319281561181436,6313.33946
2022-04-09,10.360237027600848,4879.67164
2022-04-10,10.320674689507495,4819.75508
2022-04-11,13.31350762605042,6337.22963
2022-04-12,13.426924652631579,6377.78921
2022-04-13,13.220888336842105,6279.92196
2022-04-14,13.14788100840336,6258.39136
2022-04-15,11.750853020833334,5640.40945
2022-04-16,10.0539095503212,4695.17576
2022-04-17,10.049076481876334,4713.01687
2022-04-18,11.6123406875,5573.92353
2022-04-19,11.7940485,5661.14328
2022-04-20,12.148251583333332,5831.16076
2022-04-21,12.088063305613305,5814.35845
2022-04-22,11.971868786610878,5722.55328
2022-04-23,10.176149041394336,4670.85241
2022-04-24,9.89125266384778,4678.56251
2022-04-25,11.255666116910229,5391.46407
2022-04-26,12.875943486430064,6167.57693
2022-04-27,13.045261407249468,6118.2276
2022-04-28,13.39718304904051,6283.27885
2022-04-29,13.140888964059197,6215.64048
2022-04-30,9.944606736842104,4723.6882
