date,mean,max,min
2018-01-01,19.368125,27.3,14.7
2018-01-02,18.71173611111111,23.7,16.1
2018-01-03,17.523263888888888,23.4,13.5
2018-01-04,18.491944444444446,26.7,10.7
2018-01-05,22.298055555555557,32.6,13.1
2018-01-06,27.97763888888889,42.0,16.4
2018-01-07,19.862986111111113,23.8,17.2
2018-01-08,19.33951388888889,24.3,16.1
2018-01-09,18.50326388888889,23.7,14.9
2018-01-10,19.631458333333335,27.5,11.8
2018-01-11,24.949305555555554,34.5,12.7
2018-01-12,23.97923611111111,29.9,17.0
2018-01-13,15.61888888888889,21.6,11.1
2018-01-14,15.425555555555555,20.4,10.9
2018-01-15,17.151805555555555,22.2,13.9
2018-01-16,18.846597222222222,27.2,10.0
2018-01-17,21.72951388888889,32.7,10.7
2018-01-18,27.83326388888889,38.5,14.1
2018-01-19,29.289166666666667,41.7,17.9
2018-01-20,22.469791666666666,28.1,19.1
2018-01-21,24.46534722222222,30.3,20.3
2018-01-22,22.45951388888889,28.6,18.2
2018-01-23,20.598680555555553,26.7,16.2
2018-01-24,19.655555555555555,26.6,12.9
2018-01-25,22.583819444444444,32.5,15.9
2018-01-26,23.881597222222222,32.6,20.5
2018-01-27,26.645069444444445,35.3,20.9
2018-01-28,30.535694444444445,38.1,21.6
2018-01-29,27.680625,34.7,18.8
2018-01-30,17.009444444444444,21.1,14.2
2018-01-31,15.816597222222223,20.2,12.3
2018-02-01,16.407083333333333,23.9,9.2
2018-02-02,18.30263888888889,24.6,11.5
2018-02-03,20.882708333333333,29.1,12.8
2018-02-04,20.942916666666665,29.6,12.9
2018-02-05,20.89201388888889,29.9,15.9
2018-02-06,23.648958333333333,32.3,16.1
2018-02-07,27.374583333333334,38.1,16.8
2018-02-08,24.233958333333334,30.4,19.2
2018-02-09,22.545694444444443,28.7,19.9
2018-02-10,22.617013888888888,29.2,16.6
2018-02-11,18.2125,23.4,14.2
2018-02-12,18.773541666666667,24.1,15.5
2018-02-13,20.639791666666667,29.9,10.6
2018-02-14,21.17791666666667,24.5,15.6
2018-02-15,18.03951388888889,24.3,10.0
2018-02-16,18.485972222222223,23.8,14.4
2018-02-17,18.399444444444445,28.5,9.4
2018-02-18,19.09548611111111,28.4,11.6
2018-02-19,20.452430555555555,27.1,16.7
2018-02-20,20.84340277777778,30.6,12.4
2018-02-21,21.97527777777778,29.0,14.3
2018-02-22,24.303194444444443,31.6,18.6
2018-02-23,26.176944444444448,34.0,20.1
2018-02-24,24.55375,31.7,17.0
2018-02-25,17.110138888888887,21.4,14.8
2018-02-26,19.768958333333334,28.4,11.7
2018-02-27,22.618541666666665,31.3,12.0
2018-02-28,23.66486111111111,32.7,16.3
2018-03-01,17.436180555555556,22.1,14.8
2018-03-02,18.750763888888887,25.5,13.4
2018-03-03,20.421041666666667,34.0,11.8
2018-03-04,17.763055555555557,23.2,14.4
2018-03-05,16.412847222222222,21.7,12.0
2018-03-06,18.592291666666668,28.2,11.2
2018-03-07,21.135625,31.2,11.9
2018-03-08,22.018124999999998,31.8,11.5
2018-03-09,22.190277777777776,32.4,11.4
2018-03-10,23.891527777777778,35.4,11.3
2018-03-11,19.955000000000002,25.3,15.2
2018-03-12,17.30291666666667,21.1,15.7
2018-03-13,17.12472222222222,22.3,13.7
2018-03-14,16.55763888888889,23.4,11.0
2018-03-15,16.826666666666668,22.3,13.5
2018-03-16,17.55826388888889,28.2,9.0
2018-03-17,25.926250000000003,31.7,19.3
2018-03-18,23.030069444444447,30.4,15.2
2018-03-19,19.21888888888889,28.5,12.8
2018-03-20,15.880277777777776,18.5,13.5
2018-03-21,17.29548611111111,26.6,9.1
2018-03-22,19.175069444444443,28.8,10.0
2018-03-23,21.835555555555555,29.8,14.0
2018-03-24,20.358194444444443,24.1,17.4
2018-03-25,20.65791666666667,26.1,10.9
2018-03-26,13.391666666666667,18.5,9.7
2018-03-27,14.917013888888889,21.9,7.2
2018-03-28,21.9675,30.9,16.8
2018-03-29,17.976875,23.5,14.3
2018-03-30,16.139027777777777,23.8,10.1
2018-03-31,17.044097222222224,24.8,11.6
2018-04-01,18.311180555555556,27.8,10.6
2018-04-02,16.928125,21.5,13.9
2018-04-03,15.776180555555555,21.7,11.5
2018-04-04,16.141805555555557,24.5,11.1
2018-04-05,15.099166666666665,20.1,12.4
2018-04-06,16.21090277777778,22.2,11.9
2018-04-07,14.752152777777777,23.5,6.8
2018-04-08,19.43013888888889,30.2,8.5
2018-04-09,19.09638888888889,25.1,13.6
2018-04-10,22.76020833333333,30.2,13.5
2018-04-11,19.472430555555555,25.1,15.1
2018-04-12,22.319097222222222,29.4,14.4
2018-04-13,18.69659722222222,26.1,9.3
2018-04-14,13.4625,18.4,9.2
2018-04-15,14.675555555555555,18.3,11.2
2018-04-16,16.483819444444446,21.8,13.0
2018-04-17,13.33173611111111,17.5,7.9
2018-04-18,12.451736111111112,24.4,2.9
2018-04-19,15.009444444444444,23.3,9.4
2018-04-20,13.667916666666667,22.7,5.8
2018-04-21,14.915277777777778,24.8,9.6
2018-04-22,14.841180555555555,23.7,8.8
2018-04-23,18.188055555555554,28.6,10.8
2018-04-24,21.388749999999998,25.7,16.4
2018-04-25,16.706458333333334,21.4,13.1
2018-04-26,13.786666666666665,18.4,8.5
2018-04-27,13.24826388888889,18.5,9.4
2018-04-28,12.504375,20.3,5.9
2018-04-29,14.195694444444444,19.0,9.0
2018-04-30,11.766527777777778,21.2,5.7
2018-05-01,13.6,23.9,3.8
2018-05-02,17.23236111111111,22.9,10.6
2018-05-03,19.190833333333334,26.4,12.8
2018-05-04,13.266597222222224,16.6,10.8
2018-05-05,15.017847222222223,21.3,11.3
2018-05-06,14.219583333333334,22.0,7.3
2018-05-07,15.207291666666666,19.6,8.6
2018-05-08,14.194791666666667,19.0,8.4
2018-05-09,12.406527777777779,18.7,4.6
2018-05-10,8.976666666666667,12.8,6.2
2018-05-11,10.982916666666666,14.0,6.3
2018-05-12,13.396875,16.2,11.4
2018-05-13,13.47298611111111,17.2,10.0
2018-05-14,9.582777777777778,16.0,5.8
2018-05-15,10.599444444444446,14.2,7.8
2018-05-16,10.104097222222222,14.7,6.0
2018-05-17,12.262430555555557,15.1,10.4
2018-05-18,12.600138888888889,17.1,9.2
2018-05-19,11.45486111111111,14.8,8.1
2018-05-20,13.51986111111111,15.5,11.6
2018-05-21,12.726666666666668,14.3,11.2
2018-05-22,14.165208333333334,16.1,12.2
2018-05-23,12.838333333333335,14.9,11.2
2018-05-24,12.820625,15.6,10.5
2018-05-25,11.290902777777777,15.5,6.5
2018-05-26,10.172083333333333,20.4,3.7
2018-05-27,14.462986111111112,20.1,7.5
2018-05-28,17.137083333333333,20.2,15.1
2018-05-29,13.625625000000001,18.0,8.4
2018-05-30,10.353194444444444,15.1,5.4
2018-05-31,10.042291666666667,14.7,5.2
2018-06-01,6.9546527777777785,14.5,1.1
2018-06-02,7.165694444444445,14.7,0.6
2018-06-03,7.438055555555555,12.0,2.2
2018-06-04,8.725486111111111,14.9,4.3
2018-06-05,10.416527777777777,16.7,7.0
2018-06-06,10.040347222222222,18.6,3.2
2018-06-07,15.108888888888888,17.6,10.5
2018-06-08,12.960208333333334,17.6,10.8
2018-06-09,11.147708333333334,16.2,6.6
2018-06-10,7.737847222222222,17.0,2.8
2018-06-11,10.577361111111111,16.2,3.8
2018-06-12,12.702499999999999,15.8,10.6
2018-06-13,10.787152777777777,13.0,8.7
2018-06-14,10.912222222222223,13.5,8.2
2018-06-15,10.354652777777778,13.4,6.9
2018-06-16,8.730972222222222,12.4,6.2
2018-06-17,9.713333333333335,12.7,7.2
2018-06-18,9.368125000000001,12.6,3.7
2018-06-19,5.412986111111111,13.5,-0.1
2018-06-20,7.327152777777778,14.7,1.7
2018-06-21,7.50875,15.6,0.8
2018-06-22,7.601736111111111,14.7,1.6
2018-06-23,8.462916666666667,11.5,4.8
2018-06-24,9.476180555555556,12.2,7.6
2018-06-25,9.433402777777777,12.0,7.1
2018-06-26,8.812083333333334,13.8,5.0
2018-06-27,6.447638888888889,11.3,2.8
2018-06-28,6.727916666666667,9.2,4.4
2018-06-29,9.622916666666667,12.0,5.2
2018-06-30,10.099027777777778,13.5,7.7
2018-07-01,7.063541666666667,14.5,0.9
2018-07-02,6.148680555555556,14.1,-0.3
2018-07-03,11.473263888888889,15.5,5.5
2018-07-04,14.264583333333333,17.4,11.8
2018-07-05,16.474652777777777,19.3,13.6
2018-07-06,12.785277777777777,17.3,9.4
2018-07-07,10.153472222222222,12.5,8.5
2018-07-08,10.85701388888889,13.7,9.1
2018-07-09,10.459097222222223,13.8,9.0
2018-07-10,9.22236111111111,11.8,7.8
2018-07-11,8.33875,11.3,5.7
2018-07-12,6.592430555555556,11.1,1.4
2018-07-13,7.817013888888889,13.7,5.2
2018-07-14,7.496388888888888,14.8,1.8
2018-07-15,9.303749999999999,13.6,4.8
2018-07-16,10.245347222222222,12.7,8.1
2018-07-17,11.87,17.0,7.7
2018-07-18,10.212569444444444,14.1,5.8
2018-07-19,11.487569444444443,16.7,6.6
2018-07-20,8.333194444444445,11.7,5.4
2018-07-21,8.274930555555555,12.9,3.6
2018-07-22,10.358958333333334,14.4,7.8
2018-07-23,10.437430555555554,13.9,7.6
2018-07-24,11.113333333333333,15.2,8.4
2018-07-25,11.059791666666667,15.4,7.9
2018-07-26,10.065555555555555,14.0,6.0
2018-07-27,11.952222222222222,18.1,6.1
2018-07-28,13.719236111111112,17.9,8.3
2018-07-29,11.457569444444445,14.3,8.5
2018-07-30,9.65013888888889,12.1,7.2
2018-07-31,11.39076388888889,15.1,8.4
2018-08-01,10.231875,15.2,5.2
2018-08-02,9.309861111111111,15.2,2.0
2018-08-03,12.906041666666667,18.7,9.3
2018-08-04,11.208194444444445,14.7,7.6
2018-08-05,14.321597222222222,17.6,10.6
2018-08-06,10.304027777777778,16.6,7.4
2018-08-07,10.318888888888889,14.6,6.3
2018-08-08,10.525694444444444,15.2,7.0
2018-08-09,8.496597222222222,12.4,2.7
2018-08-10,15.792013888888889,19.1,10.7
2018-08-11,9.851111111111111,18.2,6.4
2018-08-12,8.990833333333333,14.2,3.2
2018-08-13,12.042083333333332,15.2,10.2
2018-08-14,12.668819444444443,16.0,9.3
2018-08-15,13.357777777777779,18.6,9.2
2018-08-16,9.741249999999999,14.7,5.2
2018-08-17,10.358472222222222,15.6,4.5
2018-08-18,9.431527777777777,14.7,6.4
2018-08-19,7.534097222222223,11.7,5.5
2018-08-20,7.984513888888889,12.3,4.6
2018-08-21,9.458958333333333,11.9,7.6
2018-08-22,9.636666666666667,13.1,6.7
2018-08-23,8.829374999999999,15.5,2.7
2018-08-24,8.582430555555556,16.6,1.9
2018-08-25,8.255694444444446,16.8,1.0
2018-08-26,8.056527777777777,14.7,2.5
2018-08-27,7.6688888888888895,12.3,2.9
2018-08-28,5.170625,11.5,-1.6
2018-08-29,5.56375,14.1,-2.6
2018-08-30,7.369027777777777,13.8,1.6
2018-08-31,12.853611111111112,16.2,9.7
2018-09-01,10.010486111111112,13.8,6.4
2018-09-02,7.118194444444445,11.8,1.8
2018-09-03,7.800833333333334,14.7,1.1
2018-09-04,9.770277777777778,19.4,0.5
2018-09-05,13.37,19.1,5.7
2018-09-06,15.244513888888887,19.5,10.4
2018-09-07,10.584861111111111,15.0,6.1
2018-09-08,9.721805555555555,16.8,1.2
2018-09-09,14.3075,18.0,11.5
2018-09-10,13.79861111111111,17.5,9.0
2018-09-11,15.998055555555556,23.1,5.6
2018-09-12,13.714375,20.2,7.8
2018-09-13,11.860000000000001,18.8,3.1
2018-09-14,15.501944444444444,21.7,5.9
2018-09-15,11.374652777777778,19.1,4.5
2018-09-16,8.515138888888888,13.8,3.7
2018-09-17,11.411736111111113,17.6,3.2
2018-09-18,14.399375,20.3,9.4
2018-09-19,9.802430555555556,14.8,4.2
2018-09-20,9.464930555555556,18.1,0.7
2018-09-21,11.87701388888889,19.4,5.4
2018-09-22,11.797222222222222,19.9,3.7
2018-09-23,10.624583333333334,13.5,7.0
2018-09-24,9.858125000000001,16.5,2.6
2018-09-25,9.134097222222222,14.2,4.5
2018-09-26,10.683402777777777,19.6,1.4
2018-09-27,15.127083333333333,24.3,6.5
2018-09-28,10.775416666666667,15.2,6.9
2018-09-29,8.90423611111111,14.8,3.7
2018-09-30,10.371805555555556,17.1,4.0
2018-10-01,12.978541666666665,23.3,2.0
2018-10-02,17.58138888888889,25.4,10.2
2018-10-03,16.09208333333333,23.0,10.4
2018-10-04,12.04,14.7,9.9
2018-10-05,13.341597222222223,21.1,5.3
2018-10-06,15.636805555555556,24.5,6.0
2018-10-07,17.314710144927535,25.9,7.3
2018-10-08,19.08465277777778,28.7,10.6
2018-10-09,14.753888888888888,17.6,10.3
2018-10-10,12.011666666666667,16.3,8.6
2018-10-11,12.078402777777779,21.1,2.8
2018-10-12,14.650347222222223,23.0,5.8
2018-10-13,16.49222222222222,24.6,6.5
2018-10-14,19.696180555555557,26.8,11.5
2018-10-15,23.117222222222225,27.6,18.4
2018-10-16,20.42388888888889,25.6,15.5
2018-10-17,17.81361111111111,22.3,15.0
2018-10-18,16.661180555555553,19.6,14.1
2018-10-19,20.392777777777777,27.5,10.5
2018-10-20,13.927916666666667,24.3,9.7
2018-10-21,12.687847222222222,19.3,5.0
2018-10-22,17.489444444444445,26.6,6.1
2018-10-23,14.290625,20.0,10.3
2018-10-24,12.280277777777776,18.3,8.3
2018-10-25,12.748402777777779,23.0,4.9
2018-10-26,13.332222222222223,20.2,7.9
2018-10-27,13.845416666666667,20.6,9.6
2018-10-28,12.219444444444445,18.9,6.6
2018-10-29,12.85625,20.1,7.5
2018-10-30,16.167986111111112,27.5,5.5
2018-10-31,16.620486111111113,22.5,11.7
2018-11-01,23.057986111111113,34.1,11.7
2018-11-02,24.497013888888887,27.3,23.1
2018-11-03,19.077916666666667,23.4,12.7
2018-11-04,16.36638888888889,25.5,8.2
2018-11-05,20.32472222222222,28.8,13.7
2018-11-06,16.872083333333332,21.7,14.3
2018-11-07,11.859305555555556,17.2,8.1
2018-11-08,11.567013888888889,18.2,5.5
2018-11-09,12.559722222222222,21.3,5.6
2018-11-10,14.146041666666665,21.3,6.6
2018-11-11,15.204305555555557,22.3,7.2
2018-11-12,20.11847222222222,29.7,8.3
2018-11-13,22.938263888888887,29.8,17.5
2018-11-14,15.706944444444444,17.5,13.4
2018-11-15,14.72625,19.1,11.1
2018-11-16,13.615902777777778,20.5,6.1
2018-11-17,14.336319444444444,21.4,7.1
2018-11-18,18.285763888888887,28.0,7.6
2018-11-19,22.75625,31.2,11.9
2018-11-20,22.688472222222224,27.1,16.7
2018-11-21,15.88013888888889,22.9,10.3
2018-11-22,11.924583333333334,16.8,8.6
2018-11-23,11.555208333333333,13.4,9.8
2018-11-24,13.65638888888889,17.6,11.3
2018-11-25,14.869444444444444,20.0,11.7
2018-11-26,14.623541666666668,21.0,10.2
2018-11-27,16.573680555555555,23.1,12.8
2018-11-28,17.403055555555557,22.8,13.3
2018-11-29,16.006458333333335,20.8,12.7
2018-11-30,17.117430555555554,22.8,13.0
2018-12-01,20.373055555555556,29.5,7.7
2018-12-02,15.769166666666665,21.1,11.6
2018-12-03,16.93784722222222,23.9,12.4
2018-12-04,16.53388888888889,21.9,13.1
2018-12-05,19.525416666666665,27.7,11.4
2018-12-06,25.29173611111111,34.9,12.9
2018-12-07,31.776944444444446,37.5,26.8
2018-12-08,23.066041666666667,29.7,17.4
2018-12-09,17.87388888888889,21.2,15.5
2018-12-10,18.30986111111111,23.2,14.0
2018-12-11,18.92625,27.7,11.7
2018-12-12,23.909027777777776,34.0,14.5
2018-12-13,18.398680555555554,20.3,15.6
2018-12-14,17.89902777777778,23.1,15.2
2018-12-15,19.52722222222222,24.2,16.6
2018-12-16,18.064583333333335,23.0,14.5
2018-12-17,17.894791666666666,23.0,13.4
2018-12-18,18.36847222222222,23.8,15.5
2018-12-19,20.939097222222223,28.0,16.8
2018-12-20,18.36486111111111,22.2,15.9
2018-12-21,16.80166666666667,22.5,13.5
2018-12-22,15.863472222222223,20.3,12.7
2018-12-23,18.280625,27.9,8.3
2018-12-24,24.13201388888889,33.9,12.5
2018-12-25,21.24222222222222,29.0,13.8
2018-12-26,20.31875,27.9,12.8
2018-12-27,27.464583333333334,40.8,14.1
2018-12-28,28.04465277777778,36.3,20.9
2018-12-29,21.430763888888887,25.0,18.1
2018-12-30,18.931527777777777,22.5,17.4
2018-12-31,20.639930555555555,27.4,16.5
2019-01-01,20.732916666666668,29.1,14.1
2019-01-02,20.02402777777778,26.0,16.4
2019-01-03,21.637013888888887,31.4,14.6
2019-01-04,25.690694444444443,44.0,16.2
2019-01-05,17.449375,21.7,14.4
2019-01-06,17.783472222222223,23.0,12.5
2019-01-07,19.565694444444443,25.6,14.0
2019-01-08,19.762847222222224,28.4,14.2
2019-01-09,17.70513888888889,22.3,13.8
2019-01-10,17.376319444444444,24.7,11.8
2019-01-11,22.61763888888889,34.1,11.8
2019-01-12,22.05527777777778,28.0,16.0
2019-01-13,21.781944444444445,31.9,12.7
2019-01-14,26.462361111111115,40.3,17.6
2019-01-15,26.248402777777777,38.6,17.6
2019-01-16,22.842499999999998,30.5,18.9
2019-01-17,26.45513888888889,34.6,20.0
2019-01-18,23.035,30.8,18.3
2019-01-19,19.521527777777777,25.6,14.8
2019-01-20,19.866805555555555,26.3,13.7
2019-01-21,22.29548611111111,32.2,17.7
2019-01-22,24.140763888888888,35.3,18.2
2019-01-23,21.532013888888887,27.7,17.6
2019-01-24,28.277430555555554,42.1,16.2
2019-01-25,32.33034722222222,44.7,21.3
2019-01-26,23.278472222222224,29.4,19.1
2019-01-27,21.196805555555557,28.1,16.3
2019-01-28,23.630069444444448,34.8,14.0
2019-01-29,24.429166666666667,37.1,15.9
2019-01-30,24.476597222222225,38.6,15.3
2019-01-31,18.68402777777778,22.2,14.1
2019-02-01,18.02513888888889,26.5,10.3
2019-02-02,24.836041666666667,36.6,12.8
2019-02-03,27.81138888888889,41.2,19.2
2019-02-04,20.299652777777776,22.9,17.3
2019-02-05,20.976666666666667,27.6,16.9
2019-02-06,24.802916666666665,35.3,17.4
2019-02-07,23.92375,30.0,19.6
2019-02-08,19.969791666666666,25.0,16.6
2019-02-09,15.753888888888888,20.1,13.1
2019-02-10,17.445555555555554,25.0,11.0
2019-02-11,20.60458333333333,28.5,11.7
2019-02-12,17.327708333333334,21.6,11.4
2019-02-13,14.866111111111111,20.6,10.6
2019-02-14,16.451944444444443,24.4,8.0
2019-02-15,19.488888888888887,25.2,15.8
2019-02-16,20.41722222222222,28.1,15.9
2019-02-17,21.911319444444445,30.8,12.6
2019-02-18,20.514861111111113,26.4,16.7
2019-02-19,16.72375,21.9,12.7
2019-02-20,17.171388888888888,24.3,10.9
2019-02-21,16.74576388888889,21.7,12.6
2019-02-22,18.400972222222222,24.7,14.5
2019-02-23,20.312083333333334,27.8,15.5
2019-02-24,22.870277777777776,34.2,11.7
2019-02-25,25.2675,34.6,15.5
2019-02-26,20.160208333333333,25.5,15.0
2019-02-27,20.541875,33.4,11.0
2019-02-28,27.68069444444444,37.3,16.3
2019-03-01,29.413125,38.6,22.5
2019-03-02,28.431666666666665,36.2,19.2
2019-03-03,28.24520833333333,37.8,19.9
2019-03-04,22.180069444444445,29.9,17.6
2019-03-05,20.606875000000002,26.5,16.6
2019-03-06,14.49048611111111,18.7,11.7
2019-03-07,14.91826388888889,23.2,6.6
2019-03-08,18.051805555555553,27.8,8.0
2019-03-09,19.21708333333333,27.9,10.8
2019-03-10,17.934583333333332,27.2,12.1
2019-03-11,19.420833333333334,24.7,16.0
2019-03-12,16.035763888888887,19.9,12.4
2019-03-13,14.581597222222221,19.8,9.8
2019-03-14,16.298333333333332,23.2,10.9
2019-03-15,16.868055555555557,25.1,9.9
2019-03-16,19.44534722222222,30.6,10.2
2019-03-17,20.473263888888887,29.5,13.6
2019-03-18,21.637013888888887,29.2,16.2
2019-03-19,19.915902777777777,26.2,14.7
2019-03-20,21.093958333333333,25.7,19.2
2019-03-21,21.179583333333333,26.3,18.8
2019-03-22,22.392222222222223,32.6,18.8
2019-03-23,22.19173611111111,31.2,18.3
2019-03-24,22.599722222222223,30.2,15.9
2019-03-25,17.11763888888889,23.6,12.0
2019-03-26,15.07923611111111,20.8,11.1
2019-03-27,15.958125,23.6,9.9
2019-03-28,18.691944444444445,28.5,9.2
2019-03-29,20.072916666666668,29.6,11.7
2019-03-30,10.625069444444446,15.2,8.4
2019-03-31,13.774722222222222,18.2,9.3
2019-04-01,14.107916666666668,18.3,11.3
2019-04-02,15.676875,26.2,5.1
2019-04-03,17.210833333333333,25.7,12.3
2019-04-04,17.045625,22.6,12.3
2019-04-05,21.57111111111111,29.2,12.8
2019-04-06,18.392083333333332,26.1,12.6
2019-04-07,17.362222222222222,26.4,7.1
2019-04-08,17.03951388888889,23.6,9.9
2019-04-09,12.592916666666666,16.8,9.9
2019-04-10,12.168819444444443,15.4,9.2
2019-04-11,12.627361111111112,19.7,6.7
2019-04-12,14.020347222222222,25.0,4.1
2019-04-13,14.143263888888889,21.5,7.7
2019-04-14,16.705694444444443,25.1,11.6
2019-04-15,19.083194444444445,28.1,12.1
2019-04-16,24.0175,31.2,16.8
2019-04-17,25.59923611111111,30.5,16.6
2019-04-18,15.342847222222222,19.2,12.0
2019-04-19,14.483888888888888,23.5,6.0
2019-04-20,17.902430555555554,30.0,7.1
2019-04-21,21.38923611111111,27.2,14.0
2019-04-22,15.129930555555555,17.6,12.9
2019-04-23,15.226527777777779,19.6,11.7
2019-04-24,15.850833333333334,24.0,12.6
2019-04-25,14.8675,21.6,7.6
2019-04-26,12.612847222222221,15.9,7.9
2019-04-27,11.5275,15.6,5.6
2019-04-28,13.862847222222221,16.9,11.9
2019-04-29,11.899166666666666,17.2,7.5
2019-04-30,14.782222222222224,23.5,4.4
2019-05-01,20.124166666666667,21.9,17.1
2019-05-02,17.806944444444444,20.9,14.9
2019-05-03,15.937916666666666,20.6,12.1
2019-05-04,13.095625,15.7,11.5
2019-05-05,12.553402777777778,16.2,9.6
2019-05-06,11.556736111111112,16.5,7.0
2019-05-07,12.119097222222223,18.0,4.9
2019-05-08,12.468819444444444,16.6,8.7
2019-05-09,13.634444444444444,16.1,8.0
2019-05-10,11.412222222222221,13.7,9.9
2019-05-11,12.321805555555557,16.2,9.2
2019-05-12,14.26576388888889,17.2,12.3
2019-05-13,14.101180555555556,17.5,11.0
2019-05-14,14.876875,20.7,10.8
2019-05-15,12.672777777777778,16.7,10.7
2019-05-16,11.515902777777779,17.4,7.3
2019-05-17,10.414861111111112,20.3,3.2
2019-05-18,11.665416666666667,22.2,3.6
2019-05-19,13.084097222222221,21.9,6.4
2019-05-20,16.05784722222222,20.4,11.4
2019-05-21,14.457916666666668,20.1,9.8
2019-05-22,13.726875,22.4,6.9
2019-05-23,14.62125,21.6,7.0
2019-05-24,17.65826388888889,20.8,13.2
2019-05-25,15.701597222222222,20.2,11.5
2019-05-26,11.46263888888889,14.5,8.6
2019-05-27,9.246805555555556,13.3,6.4
2019-05-28,10.876666666666667,13.9,8.4
2019-05-29,8.181319444444444,11.0,5.5
2019-05-30,8.686875,12.1,5.7
2019-05-31,11.493055555555555,13.8,10.1
2019-06-01,12.453472222222222,13.9,11.4
2019-06-02,10.578125,14.8,7.7
2019-06-03,8.920833333333333,11.8,6.5
2019-06-04,8.926875,12.4,6.8
2019-06-05,10.177638888888888,12.4,7.8
2019-06-06,11.772708333333334,14.6,9.9
2019-06-07,11.885416666666666,17.0,5.9
2019-06-08,10.490347222222223,17.7,3.8
2019-06-09,13.103819444444444,18.5,7.5
2019-06-10,15.298333333333332,18.2,12.6
2019-06-11,12.926319444444445,17.9,5.9
2019-06-12,15.354513888888889,18.2,11.8
2019-06-13,11.953888888888887,16.5,7.2
2019-06-14,12.132222222222223,16.5,8.1
2019-06-15,10.062916666666666,14.6,6.7
2019-06-16,9.657361111111111,16.0,6.3
2019-06-17,9.616249999999999,16.8,4.3
2019-06-18,9.259722222222223,12.3,5.6
2019-06-19,7.097777777777777,11.6,3.7
2019-06-20,6.641249999999999,9.4,3.7
2019-06-21,7.193958333333333,12.0,4.7
2019-06-22,6.895138888888889,11.0,3.7
2019-06-23,5.034513888888889,7.8,1.8
2019-06-24,7.291805555555556,14.0,3.4
2019-06-25,7.185069444444444,16.4,0.8
2019-06-26,8.240138888888888,17.8,1.9
2019-06-27,11.808819444444445,17.3,3.7
2019-06-28,14.959930555555555,19.2,10.1
2019-06-29,13.222569444444444,17.2,9.3
2019-06-30,10.638402777777777,13.9,7.8
2019-07-01,11.037777777777778,13.4,9.6
2019-07-02,11.066805555555556,14.8,8.7
2019-07-03,9.805208333333333,12.9,6.8
2019-07-04,7.920555555555556,13.1,4.4
2019-07-05,8.174583333333333,17.8,1.2
2019-07-06,10.519652777777777,18.1,4.6
2019-07-07,12.328611111111112,17.0,7.2
2019-07-08,12.321458333333334,15.9,9.9
2019-07-09,10.020694444444445,14.4,5.5
2019-07-10,11.795,14.4,6.9
2019-07-11,10.369722222222222,13.0,7.5
2019-07-12,11.351458333333333,14.7,7.7
2019-07-13,7.8493055555555555,11.5,6.0
2019-07-14,9.018958333333332,12.3,5.7
2019-07-15,10.830347222222223,13.4,8.1
2019-07-16,11.193819444444445,13.1,10.1
2019-07-17,10.631736111111111,11.9,9.3
2019-07-18,10.62888888888889,13.1,7.8
2019-07-19,10.225972222222222,15.2,6.0
2019-07-20,11.42,16.6,5.5
2019-07-21,12.619166666666665,15.5,9.1
2019-07-22,11.062986111111112,15.2,5.1
2019-07-23,11.894722222222223,14.6,7.9
2019-07-24,9.843958333333333,13.4,4.9
2019-07-25,11.693055555555556,14.3,9.2
2019-07-26,11.505833333333335,13.1,10.1
2019-07-27,11.022847222222222,14.7,7.7
2019-07-28,9.636805555555556,14.7,4.6
2019-07-29,10.558819444444445,14.5,8.3
2019-07-30,8.842083333333333,11.9,5.1
2019-07-31,6.578194444444445,13.5,0.4
2019-08-01,9.326597222222222,12.7,6.0
2019-08-02,10.474513888888888,12.0,8.8
2019-08-03,11.011875,13.4,9.4
2019-08-04,9.809166666666668,12.0,8.2
2019-08-05,10.883958333333332,14.7,8.9
2019-08-06,10.743333333333332,12.7,8.7
2019-08-07,11.367847222222222,14.5,8.4
2019-08-08,8.959097222222223,13.1,5.8
2019-08-09,7.602152777777778,9.3,3.8
2019-08-10,6.859652777777778,12.1,2.2
2019-08-11,8.020138888888889,12.9,3.8
2019-08-12,9.116180555555555,11.7,6.4
2019-08-13,9.968125,12.5,7.8
2019-08-14,10.115,13.1,7.3
2019-08-15,11.038333333333334,15.5,5.2
2019-08-16,11.832708333333333,15.4,8.2
2019-08-17,10.008472222222222,15.6,4.4
2019-08-18,12.255763888888888,19.3,7.1
2019-08-19,8.050694444444444,12.2,5.1
2019-08-20,11.850138888888889,15.6,8.2
2019-08-21,13.263194444444444,16.4,11.1
2019-08-22,10.079513888888888,12.6,5.8
2019-08-23,8.612708333333332,15.2,1.3
2019-08-24,11.969027777777779,17.4,8.1
2019-08-25,8.561388888888889,12.9,4.9
2019-08-26,8.444305555555555,14.3,3.6
2019-08-27,8.904930555555556,16.0,1.9
2019-08-28,8.241041666666668,12.7,4.7
2019-08-29,7.610625,12.8,3.2
2019-08-30,7.504583333333334,16.4,-0.1
2019-08-31,10.171041666666666,17.6,1.7
2019-09-01,13.283333333333333,19.9,9.9
2019-09-02,12.88451388888889,17.0,9.7
2019-09-03,14.008055555555554,22.6,8.0
2019-09-04,12.766180555555556,20.0,8.0
2019-09-05,13.135069444444444,21.1,6.6
2019-09-06,11.234791666666666,15.7,8.6
2019-09-07,9.342083333333333,12.7,7.2
2019-09-08,9.569583333333334,15.1,6.7
2019-09-09,8.872291666666667,12.6,5.7
2019-09-10,9.667222222222222,14.8,5.8
2019-09-11,11.343402777777778,19.8,2.8
2019-09-12,14.15625,20.3,11.0
2019-09-13,12.804791666666668,18.7,6.6
2019-09-14,13.573541666666667,19.7,6.5
2019-09-15,14.581111111111111,19.5,12.2
2019-09-16,9.511944444444445,13.6,5.3
2019-09-17,8.105277777777777,14.4,1.1
2019-09-18,10.57826388888889,19.4,1.6
2019-09-19,16.077638888888888,23.4,6.2
2019-09-20,21.90298611111111,26.0,19.3
2019-09-21,17.126041666666666,22.7,9.0
2019-09-22,10.740416666666667,15.2,5.0
2019-09-23,10.006736111111111,15.0,7.9
2019-09-24,10.348888888888888,14.8,5.2
2019-09-25,11.186180555555556,16.0,7.0
2019-09-26,12.372013888888889,19.5,6.0
2019-09-27,12.53875,19.4,8.1
2019-09-28,9.70548611111111,14.8,5.4
2019-09-29,10.730833333333333,16.1,6.2
2019-09-30,10.673124999999999,14.1,7.0
2019-10-01,12.353680555555554,22.2,1.6
2019-10-02,16.85763888888889,26.4,5.7
2019-10-03,18.73090277777778,29.1,12.7
2019-10-04,12.155833333333334,16.1,9.6
2019-10-05,14.137986111111111,21.5,6.9
2019-10-06,21.539420289855073,25.4,14.2
2019-10-07,13.601458333333332,17.1,11.5
2019-10-08,10.760416666666666,14.7,8.1
2019-10-09,10.597291666666667,14.5,7.4
2019-10-10,11.06576388888889,14.3,8.3
2019-10-11,12.244444444444444,19.1,7.6
2019-10-12,13.2525,20.0,6.6
2019-10-13,15.004930555555555,22.4,6.6
2019-10-14,17.478472222222223,26.4,12.5
2019-10-15,14.73798611111111,18.9,12.3
2019-10-16,13.778125,19.9,11.4
2019-10-17,11.508472222222222,15.2,8.6
2019-10-18,13.439305555555555,21.7,5.8
2019-10-19,11.161458333333334,16.2,7.0
2019-10-20,12.033680555555556,15.9,7.5
2019-10-21,13.229375,18.4,9.9
2019-10-22,15.404305555555556,23.5,10.6
2019-10-23,17.86048611111111,29.1,5.3
2019-10-24,23.140625,33.5,9.8
2019-10-25,20.729791666666667,28.7,13.9
2019-10-26,12.669791666666667,15.6,9.5
2019-10-27,12.285694444444445,16.9,8.6
2019-10-28,15.022986111111111,23.1,8.3
2019-10-29,19.351388888888888,30.0,6.4
2019-10-30,20.150277777777777,29.8,10.7
2019-10-31,24.994375,33.3,13.5
2019-11-01,27.126458333333332,33.9,20.1
2019-11-02,16.81125,28.6,15.0
2019-11-03,15.356805555555555,20.7,12.2
2019-11-04,11.128819444444444,15.6,7.3
2019-11-05,12.427083333333334,19.8,4.8
2019-11-06,17.068958333333335,23.5,13.1
2019-11-07,13.306597222222223,16.8,11.3
2019-11-08,10.661388888888888,15.2,6.0
2019-11-09,10.429791666666667,14.2,6.2
2019-11-10,13.552847222222221,17.2,10.9
2019-11-11,19.697777777777777,29.2,7.6
2019-11-12,14.54,26.4,8.2
2019-11-13,12.205902777777778,16.8,7.6
2019-11-14,16.266597222222224,22.8,11.6
2019-11-15,14.583680555555556,20.1,10.5
2019-11-16,12.509583333333333,18.3,6.8
2019-11-17,12.904722222222222,18.1,9.9
2019-11-18,17.226388888888888,27.8,5.7
2019-11-19,15.027083333333334,21.2,9.0
2019-11-20,21.36263888888889,34.6,7.3
2019-11-21,27.05,41.4,14.3
2019-11-22,15.957916666666668,21.7,12.0
2019-11-23,15.358819444444444,25.5,7.9
2019-11-24,16.522291666666664,25.6,7.6
2019-11-25,19.640138888888888,30.4,8.2
2019-11-26,13.381944444444445,24.0,10.3
2019-11-27,15.369652777777777,26.1,5.1
2019-11-28,16.54826388888889,25.1,9.5
2019-11-29,16.1725,23.9,11.7
2019-11-30,13.884444444444444,20.2,9.5
2019-12-01,12.535694444444445,16.6,10.0
2019-12-02,11.504513888888889,15.4,9.1
2019-12-03,15.896111111111113,22.7,10.2
2019-12-04,16.266666666666666,23.9,11.9
2019-12-05,16.661180555555553,25.2,10.5
2019-12-06,15.46375,21.5,12.4
2019-12-07,15.305347222222222,23.4,9.2
2019-12-08,19.65888888888889,28.3,12.8
2019-12-09,24.665972222222223,38.5,14.1
2019-12-10,15.50625,19.5,12.3
2019-12-11,15.333611111111113,20.4,12.5
2019-12-12,15.36701388888889,20.3,12.9
2019-12-13,15.846875,21.2,11.0
2019-12-14,16.41708333333333,20.4,13.5
2019-12-15,17.409583333333334,23.6,13.8
2019-12-16,16.977638888888887,24.2,11.2
2019-12-17,21.112986111111113,31.7,10.3
2019-12-18,28.06611111111111,41.8,14.6
2019-12-19,21.596875,28.3,15.9
2019-12-20,29.253333333333334,43.5,12.1
2019-12-21,19.121388888888887,29.5,12.5
2019-12-22,16.499305555555555,24.1,11.5
2019-12-23,16.35013888888889,24.2,10.6
2019-12-24,19.142847222222223,27.2,12.7
2019-12-25,21.515208333333334,32.1,12.7
2019-12-26,18.861319444444444,24.5,13.6
2019-12-27,19.53736111111111,30.8,11.9
2019-12-28,24.33347222222222,34.4,16.8
2019-12-29,24.89736111111111,37.7,16.7
2019-12-30,29.14423611111111,41.6,19.1
2019-12-31,18.189652777777777,24.1,14.0
2020-01-01,18.049305555555556,27.1,8.4
2020-01-02,19.425486111111113,27.2,10.1
2020-01-03,23.859791666666666,37.2,11.4
2020-01-04,20.629375,28.8,14.7
2020-01-05,13.922083333333333,15.7,11.5
2020-01-06,13.663680555555556,15.8,11.5
2020-01-07,17.833958333333335,20.4,15.5
2020-01-08,20.913541666666667,27.5,16.2
2020-01-09,24.059166666666666,34.2,15.2
2020-01-10,21.781041666666667,33.7,13.0
2020-01-11,15.17611111111111,20.6,12.3
2020-01-12,17.024097222222224,23.1,13.3
2020-01-13,21.976805555555554,32.9,10.8
2020-01-14,25.590625,35.1,17.0
2020-01-15,25.178333333333335,38.6,19.1
2020-01-16,16.955694444444443,20.8,12.9
2020-01-17,17.920625,26.2,12.0
2020-01-18,20.48423611111111,31.1,12.3
2020-01-19,21.127361111111114,31.6,17.5
2020-01-20,18.349166666666665,23.7,14.8
2020-01-21,17.669999999999998,25.4,13.8
2020-01-22,22.136736111111112,31.6,12.8
2020-01-23,16.66125,22.9,12.7
2020-01-24,17.142222222222223,24.7,8.5
2020-01-25,19.92125,28.8,11.2
2020-01-26,19.281041666666667,25.6,13.8
2020-01-27,18.437430555555558,26.6,11.4
2020-01-28,18.482777777777777,26.8,12.0
2020-01-29,22.096805555555555,32.1,12.5
2020-01-30,27.760972222222225,39.5,14.0
2020-01-31,30.863263888888888,43.8,19.2
2020-02-01,22.20888888888889,29.6,15.5
2020-02-02,18.176180555555558,25.7,13.8
2020-02-03,14.821736111111111,18.2,11.8
2020-02-04,14.87611111111111,21.6,8.7
2020-02-05,15.598958333333334,23.3,9.7
2020-02-06,19.938958333333332,30.6,12.6
2020-02-07,20.387083333333333,25.7,17.4
2020-02-08,22.619305555555556,29.4,16.2
2020-02-09,22.215972222222224,27.2,18.0
2020-02-10,21.774444444444445,27.5,17.7
2020-02-11,21.968055555555555,28.1,18.6
2020-02-12,22.238541666666666,29.0,18.0
2020-02-13,24.246180555555554,32.9,17.3
2020-02-14,23.58152777777778,35.3,19.4
2020-02-15,18.241319444444443,20.0,16.3
2020-02-16,20.063958333333332,27.8,15.7
2020-02-17,21.003888888888888,30.0,13.9
2020-02-18,18.38326388888889,21.6,14.4
2020-02-19,14.996041666666667,19.2,12.5
2020-02-20,15.342361111111112,19.1,13.0
2020-02-21,15.426597222222222,20.3,12.4
2020-02-22,16.11486111111111,23.2,9.8
2020-02-23,21.049930555555555,32.9,11.9
2020-02-24,20.888194444444444,28.5,16.8
2020-02-25,21.825277777777778,31.7,17.9
2020-02-26,16.374583333333334,19.5,12.6
2020-02-27,14.65125,19.7,7.7
2020-02-28,16.337569444444444,20.3,13.0
2020-02-29,17.74659722222222,24.2,13.7
2020-03-01,21.073194444444447,32.2,11.1
2020-03-02,15.750694444444445,19.6,12.6
2020-03-03,15.912777777777778,20.5,13.1
2020-03-04,16.37076388888889,22.1,12.2
2020-03-05,17.662083333333335,20.2,16.4
2020-03-06,16.297638888888887,19.3,14.7
2020-03-07,16.51986111111111,20.6,13.5
2020-03-08,15.620694444444444,22.3,9.8
2020-03-09,15.201458333333333,21.3,10.0
2020-03-10,16.09201388888889,25.0,7.8
2020-03-11,20.397430555555555,29.8,11.5
2020-03-12,22.320555555555554,28.9,14.9
2020-03-13,19.371875,26.4,13.1
2020-03-14,13.939027777777778,17.8,11.6
2020-03-15,14.661458333333334,20.0,11.3
2020-03-16,16.351041666666667,25.6,7.1
2020-03-17,19.630555555555556,27.5,11.0
2020-03-18,23.425416666666667,27.4,18.1
2020-03-19,23.81388888888889,30.0,18.1
2020-03-20,17.762569444444445,22.8,14.1
2020-03-21,15.447638888888887,19.4,12.6
2020-03-22,14.043194444444445,18.9,10.5
2020-03-23,13.530555555555555,17.5,10.2
2020-03-24,12.323958333333334,19.6,6.2
2020-03-25,14.207569444444445,17.3,12.4
2020-03-26,15.714861111111112,22.1,11.8
2020-03-27,19.07173611111111,27.3,13.1
2020-03-28,20.08388888888889,27.3,12.5
2020-03-29,20.712916666666665,26.8,16.6
2020-03-30,17.596180555555556,21.4,13.9
2020-03-31,15.555208333333333,21.8,9.6
2020-04-01,16.100208333333335,24.1,8.2
2020-04-02,16.549444444444443,20.3,15.0
2020-04-03,17.07375,23.3,12.6
2020-04-04,11.797222222222222,15.9,8.5
2020-04-05,12.235555555555557,14.9,8.9
2020-04-06,12.566527777777777,16.7,9.0
2020-04-07,13.057291666666666,16.6,10.9
2020-04-08,14.032916666666667,18.8,10.8
2020-04-09,14.040694444444444,22.9,6.6
2020-04-10,16.670972222222222,21.3,11.4
2020-04-11,13.418194444444445,18.3,10.5
2020-04-12,12.402083333333334,15.2,10.4
2020-04-13,14.046180555555555,18.8,11.4
2020-04-14,16.094791666666666,22.1,10.5
2020-04-15,19.30770833333333,23.7,13.2
2020-04-16,17.02347222222222,22.4,11.1
2020-04-17,14.002986111111111,19.0,10.3
2020-04-18,13.622638888888888,15.9,12.3
2020-04-19,13.680069444444444,18.9,9.3
2020-04-20,15.1825,20.5,10.4
2020-04-21,13.31590277777778,19.2,6.6
2020-04-22,14.87875,18.2,12.0
2020-04-23,15.015694444444444,19.1,8.5
2020-04-24,17.424374999999998,23.2,12.2
2020-04-25,15.571041666666666,21.0,8.1
2020-04-26,14.218333333333334,17.0,8.4
2020-04-27,10.97076388888889,18.1,5.2
2020-04-28,12.646388888888888,19.5,4.8
2020-04-29,13.734375,19.0,9.7
2020-04-30,10.009652777777777,15.0,7.4
2020-05-01,9.408819444444445,12.4,7.2
2020-05-02,10.277569444444445,13.4,8.5
2020-05-03,11.277847222222222,14.1,8.8
2020-05-04,11.207083333333333,13.8,9.2
2020-05-05,12.641388888888887,19.4,7.3
2020-05-06,15.101111111111111,19.7,10.4
2020-05-07,18.45611111111111,21.7,16.2
2020-05-08,15.548819444444444,19.3,11.9
2020-05-09,11.616805555555556,15.9,7.0
2020-05-10,9.728472222222223,14.1,4.8
2020-05-11,11.031527777777777,16.8,5.1
2020-05-12,11.953958333333334,14.7,9.4
2020-05-13,10.739097222222222,14.5,7.7
2020-05-14,8.350138888888889,14.9,3.4
2020-05-15,7.636319444444444,15.9,1.7
2020-05-16,9.126875,18.0,2.0
2020-05-17,8.852986111111111,18.1,2.2
2020-05-18,10.217430555555556,19.3,2.6
2020-05-19,14.609027777777778,17.4,10.1
2020-05-20,12.505347222222223,16.6,9.6
2020-05-21,9.750902777777778,13.0,8.6
2020-05-22,9.97625,12.3,8.2
2020-05-23,10.641319444444445,13.1,8.0
2020-05-24,11.126111111111111,13.6,7.7
2020-05-25,9.394444444444444,15.5,5.4
2020-05-26,8.895555555555555,18.3,2.2
2020-05-27,11.423124999999999,16.1,6.0
2020-05-28,12.680833333333334,17.8,7.9
2020-05-29,10.585347222222222,16.5,5.0
2020-05-30,13.575694444444444,16.9,8.9
2020-05-31,14.026041666666666,16.8,11.0
2020-06-01,9.533819444444445,12.6,7.9
2020-06-02,11.355902777777779,14.7,7.7
2020-06-03,11.188194444444445,13.4,9.6
2020-06-04,10.150902777777777,14.8,4.8
2020-06-05,7.036527777777778,15.2,1.3
2020-06-06,8.537847222222222,13.1,4.7
2020-06-07,9.432986111111111,12.4,8.3
2020-06-08,7.087152777777778,12.9,2.9
2020-06-09,6.283194444444444,14.6,-0.4
2020-06-10,8.669930555555556,16.9,2.6
2020-06-11,7.652708333333333,15.8,1.9
2020-06-12,8.290555555555555,15.5,1.3
2020-06-13,13.801944444444445,16.0,10.5
2020-06-14,12.330486111111112,14.9,9.2
2020-06-15,14.320972222222222,17.7,12.1
2020-06-16,13.86277777777778,17.1,10.7
2020-06-17,10.01548611111111,14.2,4.7
2020-06-18,9.15076388888889,16.8,1.6
2020-06-19,14.840416666666668,18.8,12.3
2020-06-20,13.146597222222221,16.1,6.7
2020-06-21,7.820208333333333,10.8,4.2
2020-06-22,9.496597222222222,12.3,7.1
2020-06-23,10.732222222222221,13.6,8.5
2020-06-24,12.02763888888889,16.1,9.5
2020-06-25,11.398680555555554,15.8,8.3
2020-06-26,8.413263888888888,13.3,4.1
2020-06-27,8.454027777777778,13.0,4.4
2020-06-28,4.980972222222222,13.0,0.1
2020-06-29,5.7894444444444435,14.9,-0.6
2020-06-30,11.019097222222221,15.6,3.2
2020-07-01,13.782916666666667,18.0,10.9
2020-07-02,11.281319444444446,16.1,9.2
2020-07-03,7.763333333333334,9.6,6.1
2020-07-04,8.9525,14.3,4.6
2020-07-05,10.02576388888889,12.2,8.3
2020-07-06,9.791805555555555,12.5,7.3
2020-07-07,9.684097222222222,11.7,6.3
2020-07-08,7.754444444444444,15.4,2.3
2020-07-09,9.134166666666667,15.9,3.7
2020-07-10,9.923263888888888,16.5,5.3
2020-07-11,8.629166666666666,10.2,5.8
2020-07-12,9.843055555555555,13.1,8.1
2020-07-13,10.490972222222222,15.2,7.5
2020-07-14,9.47201388888889,13.8,6.8
2020-07-15,8.188472222222222,15.3,2.4
2020-07-16,7.038749999999999,12.1,2.9
2020-07-17,5.880277777777778,11.0,2.0
2020-07-18,8.182361111111112,12.3,1.1
2020-07-19,11.497777777777777,14.6,8.4
2020-07-20,9.190138888888889,13.1,6.0
2020-07-21,9.051458333333333,12.8,6.6
2020-07-22,9.743541666666667,12.2,8.3
2020-07-23,8.794652777777777,10.5,6.1
2020-07-24,8.02875,13.1,3.1
2020-07-25,6.679722222222222,13.1,2.9
2020-07-26,8.536458333333334,12.2,4.9
2020-07-27,11.024375000000001,13.1,9.5
2020-07-28,11.434930555555555,15.6,8.4
2020-07-29,10.712569444444444,16.3,7.4
2020-07-30,9.341111111111111,14.6,4.4
2020-07-31,8.085208333333334,16.4,0.6
2020-08-01,10.330972222222222,15.7,4.5
2020-08-02,10.975833333333334,17.2,4.4
2020-08-03,10.928680555555555,15.6,6.6
2020-08-04,6.1414583333333335,9.7,3.2
2020-08-05,7.213958333333333,10.5,4.2
2020-08-06,7.107708333333334,12.0,2.9
2020-08-07,6.135416666666667,11.5,0.2
2020-08-08,11.700486111111111,16.2,8.9
2020-08-09,10.853819444444444,14.7,7.7
2020-08-10,8.884166666666667,16.3,2.3
2020-08-11,9.264305555555556,15.8,1.8
2020-08-12,12.134722222222223,15.4,9.4
2020-08-13,14.096527777777778,17.8,11.3
2020-08-14,12.602430555555555,16.9,9.9
2020-08-15,10.826458333333333,16.0,5.6
2020-08-16,11.698472222222222,14.8,8.6
2020-08-17,11.641041666666666,16.2,8.0
2020-08-18,11.865208333333335,15.9,9.2
2020-08-19,10.046388888888888,11.7,8.5
2020-08-20,11.062152777777778,15.4,8.4
2020-08-21,9.153333333333332,13.8,6.4
2020-08-22,6.817569444444444,10.0,5.1
2020-08-23,8.26013888888889,11.1,6.4
2020-08-24,7.6275,12.1,4.3
2020-08-25,7.6757638888888895,13.1,1.6
2020-08-26,10.206527777777778,15.1,5.6
2020-08-27,12.065555555555557,19.7,7.2
2020-08-28,10.537708333333333,16.8,5.0
2020-08-29,13.158819444444445,18.0,5.8
2020-08-30,14.983611111111113,19.7,8.7
2020-08-31,8.976111111111111,12.6,5.8
2020-09-01,10.067638888888888,15.5,3.5
2020-09-02,16.33451388888889,21.8,11.6
2020-09-03,14.879722222222222,19.4,11.8
2020-09-04,12.45423611111111,17.0,7.6
2020-09-05,12.327499999999999,16.6,8.9
2020-09-06,12.027430555555556,18.5,4.3
2020-09-07,17.01076388888889,22.6,8.6
2020-09-08,17.008472222222224,21.1,10.3
2020-09-09,10.93513888888889,15.7,7.3
2020-09-10,11.86625,21.2,3.1
2020-09-11,15.526597222222222,20.1,11.5
2020-09-12,13.992916666666666,16.1,11.8
2020-09-13,13.185208333333334,17.2,9.5
2020-09-14,12.303472222222222,17.1,7.5
2020-09-15,11.35138888888889,18.0,6.4
2020-09-16,13.517916666666666,21.7,4.8
2020-09-17,12.664513888888889,16.2,9.8
2020-09-18,13.227986111111111,18.9,8.2
2020-09-19,18.875416666666666,25.3,11.3
2020-09-20,18.840416666666666,21.8,16.7
2020-09-21,16.820486111111112,20.3,13.5
2020-09-22,13.625277777777779,18.3,10.5
2020-09-23,11.390277777777778,15.9,8.4
2020-09-24,10.397569444444445,14.4,7.2
2020-09-25,7.278194444444445,12.9,5.4
2020-09-26,9.314444444444444,13.7,5.5
2020-09-27,9.795277777777779,14.0,6.1
2020-09-28,8.776805555555557,15.1,3.4
2020-09-29,11.686874999999999,20.7,1.6
2020-09-30,15.056111111111111,19.5,10.8
2020-10-01,13.475277777777778,18.8,7.1
2020-10-02,19.695069444444446,25.2,13.2
2020-10-03,23.28659722222222,28.6,15.7
2020-10-04,18.70268115942029,29.5,12.4
2020-10-05,10.131944444444445,12.5,7.6
2020-10-06,10.071736111111111,12.6,8.3
2020-10-07,12.082777777777778,15.5,9.3
2020-10-08,14.631805555555555,16.9,12.9
2020-10-09,12.799652777777778,16.2,10.3
2020-10-10,14.110277777777778,20.0,10.0
2020-10-11,12.846944444444443,16.9,8.5
2020-10-12,14.253888888888888,23.4,3.5
2020-10-13,14.444027777777778,17.4,11.7
2020-10-14,16.51263888888889,25.6,12.0
2020-10-15,17.826041666666665,23.7,11.3
2020-10-16,13.00763888888889,18.9,8.2
2020-10-17,15.345555555555555,18.5,11.1
2020-10-18,12.011319444444444,16.0,9.7
2020-10-19,11.573333333333332,16.1,6.5
2020-10-20,11.457638888888889,18.3,4.3
2020-10-21,13.671458333333334,19.4,10.2
2020-10-22,13.901597222222222,20.8,6.5
2020-10-23,15.913055555555555,21.4,11.4
2020-10-24,12.518263888888889,15.6,9.4
2020-10-25,10.626805555555556,14.1,7.5
2020-10-26,13.123125,18.1,8.4
2020-10-27,14.296319444444444,19.8,9.4
2020-10-28,14.96076388888889,22.4,8.0
2020-10-29,15.860972222222221,23.7,9.2
2020-10-30,15.749166666666666,20.5,12.7
2020-10-31,14.148055555555556,18.0,12.4
2020-11-01,14.361736111111112,19.5,11.1
2020-11-02,18.107222222222223,28.4,7.6
2020-11-03,22.253333333333334,29.9,12.3
2020-11-04,18.179861111111112,24.9,11.1
2020-11-05,11.727361111111112,15.7,9.0
2020-11-06,11.924375,16.3,7.0
2020-11-07,12.308611111111112,16.7,8.6
2020-11-08,14.25340277777778,22.5,6.0
2020-11-09,19.524583333333336,27.9,9.1
2020-11-10,23.259305555555557,31.1,13.1
2020-11-11,22.88215277777778,27.5,18.2
2020-11-12,21.18763888888889,24.8,18.2
2020-11-13,16.994097222222223,21.8,13.8
2020-11-14,16.48763888888889,22.7,12.4
2020-11-15,22.028055555555557,31.8,10.2
2020-11-16,22.175069444444443,31.5,13.0
2020-11-17,15.599513888888888,21.9,9.6
2020-11-18,19.26083333333333,29.1,8.2
2020-11-19,24.986319444444447,34.0,13.1
2020-11-20,19.249791666666667,27.5,13.8
2020-11-21,19.668819444444445,26.8,11.9
2020-11-22,21.094930555555557,28.3,17.8
2020-11-23,16.651319444444447,19.1,14.5
2020-11-24,16.409583333333334,21.1,12.7
2020-11-25,20.91326388888889,30.9,11.0
2020-11-26,17.41722222222222,21.6,12.2
2020-11-27,22.168541666666666,35.3,7.6
2020-11-28,19.53909722222222,24.1,16.5
2020-11-29,15.774166666666666,19.6,11.9
2020-11-30,19.143055555555556,30.0,9.5
2020-12-01,21.107420494699646,26.4,14.5
2020-12-02,14.689583333333333,19.4,10.2
2020-12-03,16.160416666666666,25.9,7.0
2020-12-04,16.741666666666667,23.9,10.0
2020-12-05,18.581481481481482,27.6,11.6
2020-12-06,15.614,20.5,12.0
2020-12-07,13.706,17.0,10.7
2020-12-08,13.183333333333332,16.4,9.6
2020-12-09,17.008333333333333,24.0,10.9
2020-12-10,14.960416666666667,18.6,11.6
2020-12-11,16.329166666666666,23.9,8.4
2020-12-12,19.864583333333332,29.1,9.6
2020-12-13,22.973055555555554,30.3,14.5
2020-12-14,25.517916666666668,34.2,14.7
2020-12-15,22.616180555555555,35.2,16.7
2020-12-16,18.882916666666667,25.8,14.9
2020-12-17,20.75,30.4,14.9
2020-12-18,15.42013888888889,19.3,11.7
2020-12-19,14.52611111111111,21.1,9.7
2020-12-20,14.824930555555557,21.5,6.9
2020-12-21,15.646041666666665,23.0,8.0
2020-12-22,15.214166666666667,19.6,13.3
2020-12-23,16.09951388888889,21.4,12.7
2020-12-24,15.853819444444444,20.5,13.0
2020-12-25,15.515902777777779,22.0,10.7
2020-12-26,20.033611111111114,29.9,8.9
2020-12-27,20.532152777777778,32.0,11.2
2020-12-28,14.241527777777778,19.1,10.1
2020-12-29,15.80013888888889,23.1,7.8
2020-12-30,18.007569444444446,24.9,12.6
2020-12-31,17.75909722222222,22.0,14.8
2021-01-01,21.876041666666666,30.0,14.2
2021-01-02,21.231458333333332,29.7,16.8
2021-01-03,19.591458333333335,27.7,16.5
2021-01-04,16.298402777777778,18.0,15.2
2021-01-05,16.827708333333334,19.3,15.4
2021-01-06,15.897152777777778,19.6,13.0
2021-01-07,19.485694444444444,26.2,13.0
2021-01-08,19.70923611111111,28.2,11.2
2021-01-09,22.80034722222222,31.5,14.8
2021-01-10,24.50027777777778,35.3,14.5
2021-01-11,28.771458333333335,37.0,17.8
2021-01-12,19.779791666666668,23.8,14.3
2021-01-13,21.245416666666667,35.0,10.3
2021-01-14,18.174444444444443,23.7,14.2
2021-01-15,15.091041666666666,20.6,9.5
2021-01-16,14.909097222222222,20.7,9.8
2021-01-17,16.29083333333333,22.6,11.8
2021-01-18,17.09798611111111,24.3,13.3
2021-01-19,16.07340277777778,21.0,12.0
2021-01-20,17.725555555555555,26.1,8.4
2021-01-21,22.792222222222225,34.9,10.9
2021-01-22,20.860555555555557,29.3,14.5
2021-01-23,21.766875,31.9,13.8
2021-01-24,27.22236111111111,38.7,15.4
2021-01-25,28.009236111111115,40.8,19.9
2021-01-26,18.166458333333335,20.4,14.3
2021-01-27,18.612291666666668,26.4,12.9
2021-01-28,20.39986111111111,24.5,16.0
2021-01-29,18.906180555555558,20.4,17.6
2021-01-30,18.45486111111111,24.3,15.9
2021-01-31,18.66263888888889,24.4,14.7
2021-02-01,16.475833333333334,22.1,11.7
2021-02-02,15.945416666666668,20.0,13.0
2021-02-03,18.380277777777778,26.3,11.5
2021-02-04,21.830833333333334,30.5,11.4
2021-02-05,23.01534722222222,30.1,17.0
2021-02-06,19.50875,26.0,15.3
2021-02-07,16.530416666666667,20.4,14.4
2021-02-08,16.11722222222222,20.3,13.9
2021-02-09,18.80826388888889,27.6,11.2
2021-02-10,22.52402777777778,33.6,12.3
2021-02-11,25.878541666666667,33.1,16.7
2021-02-12,19.962847222222223,25.3,16.9
2021-02-13,17.46472222222222,22.1,13.6
2021-02-14,16.029166666666665,22.4,10.2
2021-02-15,18.83548611111111,28.0,12.0
2021-02-16,22.672430555555554,31.4,13.8
2021-02-17,24.156875,32.4,15.1
2021-02-18,24.560555555555553,31.7,16.4
2021-02-19,26.08465277777778,32.8,18.8
2021-02-20,23.06951388888889,30.0,18.9
2021-02-21,18.750486111111112,21.9,16.9
2021-02-22,17.580416666666665,23.3,14.9
2021-02-23,15.696666666666667,20.3,12.4
2021-02-24,14.98,22.8,8.0
2021-02-25,15.400347222222223,25.2,7.4
2021-02-26,15.329305555555557,21.1,12.3
2021-02-27,14.256319444444443,19.9,8.8
2021-02-28,18.655555555555555,30.1,7.9
2021-03-01,17.38340277777778,22.4,13.5
2021-03-02,14.763819444444445,19.4,11.5
2021-03-03,15.103402777777779,18.6,13.5
2021-03-04,16.349166666666665,20.7,13.2
2021-03-05,15.387152777777779,18.2,13.7
2021-03-06,16.33798611111111,21.9,13.3
2021-03-07,18.938263888888887,30.3,8.9
2021-03-08,16.807916666666667,20.9,13.7
2021-03-09,15.597222222222221,21.2,12.9
2021-03-10,16.520069444444445,23.6,10.6
2021-03-11,17.696527777777778,27.2,9.7
2021-03-12,21.968194444444446,30.6,14.4
2021-03-13,19.603819444444444,26.5,12.6
2021-03-14,13.429236111111111,18.7,9.8
2021-03-15,14.424513888888889,22.5,6.5
2021-03-16,18.03875,24.4,14.5
2021-03-17,19.29513888888889,28.3,12.0
2021-03-18,18.663958333333333,27.0,11.8
2021-03-19,19.032013888888887,28.3,12.5
2021-03-20,18.625763888888887,25.8,12.3
2021-03-21,18.500833333333333,20.9,16.3
2021-03-22,18.949930555555557,23.9,16.7
2021-03-23,18.702222222222222,22.1,17.4
2021-03-24,18.057569444444447,21.3,15.9
2021-03-25,16.74,21.6,13.5
2021-03-26,15.672152777777779,21.0,8.6
2021-03-27,16.78875,21.9,12.9
2021-03-28,14.671111111111113,20.3,8.8
2021-03-29,15.169791666666667,19.2,10.9
2021-03-30,13.349791666666667,20.7,6.8
2021-03-31,16.56875,25.0,10.5
2021-04-01,19.483402777777776,29.5,10.1
2021-04-02,20.421944444444442,31.5,10.6
2021-04-03,22.348333333333333,31.3,13.0
2021-04-04,19.587916666666665,28.3,13.7
2021-04-05,16.171805555555558,20.7,11.8
2021-04-06,15.451944444444443,19.6,11.2
2021-04-07,17.645,24.5,14.0
2021-04-08,21.732152777777777,30.0,14.5
2021-04-09,14.847708333333333,19.4,12.7
2021-04-10,12.658541666666666,18.2,7.9
2021-04-11,9.652222222222223,14.1,7.0
2021-04-12,11.875416666666666,17.2,8.2
2021-04-13,13.497083333333332,20.4,5.5
2021-04-14,17.736666666666665,21.5,12.2
2021-04-15,14.692777777777776,20.5,11.4
2021-04-16,12.155277777777776,14.6,10.0
2021-04-17,13.511527777777777,17.6,11.3
2021-04-18,14.702083333333333,18.1,11.3
2021-04-19,15.746944444444443,20.4,11.6
2021-04-20,12.694027777777778,18.2,7.0
2021-04-21,10.063749999999999,15.1,6.2
2021-04-22,13.27625,17.2,9.8
2021-04-23,13.680069444444444,16.6,10.9
2021-04-24,13.749722222222221,17.4,11.0
2021-04-25,12.694861111111111,17.0,8.5
2021-04-26,13.061874999999999,17.0,9.9
2021-04-27,13.00173611111111,17.0,11.1
2021-04-28,11.645486111111111,18.2,5.4
2021-04-29,12.646111111111113,20.6,5.8
2021-04-30,14.864444444444445,24.4,7.4
2021-05-01,15.677708333333335,25.1,7.6
2021-05-02,18.405763888888888,25.7,12.2
2021-05-03,13.962222222222222,18.0,11.3
2021-05-04,11.529305555555556,15.2,8.7
2021-05-05,11.44513888888889,17.0,6.4
2021-05-06,12.125069444444444,20.8,5.0
2021-05-07,14.088402777777777,21.4,7.8
2021-05-08,13.632083333333334,19.5,8.8
2021-05-09,14.567152777777778,20.6,10.3
2021-05-10,13.823055555555555,17.0,10.5
2021-05-11,11.52951388888889,15.7,9.6
2021-05-12,11.060625,17.8,5.7
2021-05-13,9.909305555555555,17.0,5.5
2021-05-14,10.501597222222221,14.5,6.6
2021-05-15,8.860208333333334,12.7,5.3
2021-05-16,10.819652777777778,14.9,5.2
2021-05-17,11.284930555555555,14.7,8.2
2021-05-18,11.58423611111111,15.5,8.2
2021-05-19,12.706597222222221,17.7,7.9
2021-05-20,13.389999999999999,16.7,10.3
2021-05-21,9.605,17.6,4.6
2021-05-22,8.828125,18.8,0.1
2021-05-23,9.931597222222223,20.1,2.5
2021-05-24,12.3675,19.5,5.1
2021-05-25,16.083055555555553,20.8,11.6
2021-05-26,11.389999999999999,14.3,7.7
2021-05-27,11.08375,14.6,7.8
2021-05-28,10.779861111111112,13.0,9.6
2021-05-29,9.740902777777778,13.4,3.6
2021-05-30,5.443819444444444,13.5,-0.2
2021-05-31,6.899444444444445,15.5,-0.4
2021-06-01,9.938819444444444,15.2,5.2
2021-06-02,11.862291666666668,20.1,5.7
2021-06-03,12.281944444444445,17.0,9.2
2021-06-04,9.889930555555555,13.0,4.9
2021-06-05,7.6386111111111115,11.7,0.8
2021-06-06,11.407708333333332,14.6,10.0
2021-06-07,13.874027777777776,16.5,11.4
2021-06-08,9.683958333333333,14.3,7.8
2021-06-09,9.556944444444444,12.1,6.4
2021-06-10,12.295069444444445,14.2,6.9
2021-06-11,9.22048611111111,14.3,3.7
2021-06-12,12.166597222222224,15.4,10.6
2021-06-13,12.076319444444445,16.0,10.2
2021-06-14,10.938958333333334,16.0,7.8
2021-06-15,9.712916666666667,14.4,4.7
2021-06-16,11.382083333333334,14.9,8.2
2021-06-17,9.610416666666667,13.1,6.7
2021-06-18,9.185,13.0,4.7
2021-06-19,10.780694444444444,15.1,7.4
2021-06-20,8.034305555555555,15.1,2.7
2021-06-21,7.235416666666667,15.2,0.9
2021-06-22,8.297430555555556,15.4,1.4
2021-06-23,13.352986111111111,14.8,11.7
2021-06-24,12.509583333333333,16.6,9.5
2021-06-25,10.844930555555557,12.2,9.5
2021-06-26,10.045555555555556,13.8,7.8
2021-06-27,11.42548611111111,15.5,8.6
2021-06-28,8.288402777777778,15.5,3.6
2021-06-29,7.941875,16.8,0.7
2021-06-30,7.935643564356436,17.0,5.7
2021-07-01,11.94375,16.9,7.8
2021-07-02,10.61875,14.0,7.3
2021-07-03,7.595833333333334,9.9,5.4
2021-07-04,8.512244897959183,12.1,6.1
2021-07-05,7.433333333333334,12.8,2.2
2021-07-06,8.447916666666666,11.8,5.5
2021-07-07,8.34375,12.1,5.1
2021-07-08,5.589583333333334,12.0,0.2
2021-07-09,5.333333333333333,12.8,-0.3
2021-07-10,6.727083333333333,13.4,0.2
2021-07-11,9.877083333333333,16.0,5.0
2021-07-12,12.304166666666667,15.8,10.3
2021-07-13,11.077083333333334,13.9,8.1
2021-07-14,11.329166666666666,13.3,9.2
2021-07-15,12.61875,15.3,10.6
2021-07-16,11.424999999999999,13.8,9.5
2021-07-17,9.291666666666666,11.7,7.2
2021-07-18,10.489583333333334,13.1,8.8
2021-07-19,9.945833333333333,12.3,8.1
2021-07-20,8.760784313725491,10.5,5.5
2021-07-21,8.108333333333333,12.0,4.7
2021-07-22,7.925,11.5,4.0
2021-07-23,8.547916666666667,10.1,6.9
2021-07-24,9.516,13.4,7.4
2021-07-25,8.625,11.2,5.3
2021-07-26,12.447916666666666,15.5,9.5
2021-07-27,13.59591836734694,16.1,8.5
2021-07-28,12.983928571428573,17.0,7.7
2021-07-29,9.379166666666666,13.9,6.3
2021-07-30,11.524074074074074,14.5,7.2
2021-07-31,13.40408163265306,18.1,9.1
2021-08-01,9.588679245283018,14.5,5.4
2021-08-02,8.976470588235294,14.9,1.0
2021-08-03,9.942857142857143,13.7,6.8
2021-08-04,10.352083333333333,14.4,7.2
2021-08-05,11.59375,15.3,7.8
2021-08-06,11.65,13.2,10.2
2021-08-07,11.112499999999999,13.9,7.7
2021-08-08,9.654166666666667,15.5,4.3
2021-08-09,9.797916666666667,16.2,5.0
2021-08-10,13.276470588235295,17.3,7.2
2021-08-11,14.432692307692308,18.4,8.9
2021-08-12,11.479166666666666,16.0,8.3
2021-08-13,11.770833333333334,17.1,7.9
2021-08-14,10.454166666666667,16.8,4.0
2021-08-15,13.86122448979592,18.3,9.9
2021-08-16,11.373469387755101,13.6,9.5
2021-08-17,10.833333333333334,13.4,9.1
2021-08-18,11.097916666666668,14.4,8.6
2021-08-19,11.13125,16.3,6.0
2021-08-20,12.473469387755102,16.2,7.7
2021-08-21,14.910416666666668,19.4,10.8
2021-08-22,16.34313725490196,21.6,10.7
2021-08-23,11.648,17.8,7.0
2021-08-24,8.335416666666667,12.2,5.1
2021-08-25,9.016666666666667,13.7,5.5
2021-08-26,7.689583333333334,12.4,4.1
2021-08-27,7.465909090909091,13.0,2.2
2021-08-28,14.49655172413793,17.7,8.6
2021-08-29,10.889583333333334,15.8,5.9
2021-08-30,10.739583333333334,16.6,4.7
2021-08-31,15.584313725490196,19.8,10.9
2021-09-01,16.504166666666666,23.6,7.9
2021-09-02,21.400000000000002,25.5,17.2
2021-09-03,18.649056603773584,23.9,10.2
2021-09-04,10.791666666666666,13.7,9.3
2021-09-05,10.210416666666667,13.1,7.9
2021-09-06,11.35,15.4,8.4
2021-09-07,12.077083333333334,15.5,9.7
2021-09-08,13.585416666666667,18.3,8.7
2021-09-09,17.14814814814815,24.2,12.6
2021-09-10,13.854166666666666,17.8,9.9
2021-09-11,18.017647058823528,22.5,14.7
2021-09-12,11.60204081632653,15.7,7.8
2021-09-13,9.289583333333333,14.4,6.0
2021-09-14,9.725,15.3,4.2
2021-09-15,8.870833333333334,15.5,2.1
2021-09-16,9.672916666666667,17.5,1.9
2021-09-17,13.633333333333333,20.9,4.2
2021-09-18,12.658490566037736,16.0,7.5
2021-09-19,12.86153846153846,16.9,8.0
2021-09-20,9.5875,14.6,5.4
2021-09-21,8.597916666666666,13.2,5.4
2021-09-22,12.439583333333333,17.9,9.4
2021-09-23,14.066666666666668,19.4,8.2
2021-09-24,13.820754716981131,18.2,9.0
2021-09-25,9.045833333333333,12.7,5.2
2021-09-26,9.016666666666667,15.8,2.0
2021-09-27,11.052083333333334,18.6,2.6
2021-09-28,14.033333333333333,23.3,4.6
2021-09-29,14.375,18.9,11.4
2021-09-30,14.514583333333334,18.3,12.7
2021-10-01,15.89782608695652,20.3,12.8
2021-10-02,14.535416666666668,18.1,13.1
2021-10-03,15.547826086956523,20.8,12.3
2021-10-04,13.651020408163264,17.1,10.8
2021-10-05,12.70185185185185,16.9,9.8
2021-10-06,13.804166666666667,20.3,5.9
2021-10-07,11.948,17.2,7.9
2021-10-08,12.641666666666666,20.4,4.7
2021-10-09,16.970833333333335,23.9,11.2
2021-10-10,11.640816326530611,14.8,7.7
2021-10-11,9.429166666666667,13.7,5.7
2021-10-12,11.966666666666667,20.1,2.8
2021-10-13,13.820408163265308,18.1,9.3
2021-10-14,12.395918367346939,19.1,6.8
2021-10-15,11.240816326530611,17.4,7.9
2021-10-16,12.209615384615384,15.1,10.6
2021-10-17,13.047916666666666,17.5,10.0
2021-10-18,12.420833333333334,16.3,8.0
2021-10-19,12.018749999999999,15.6,8.0
2021-10-20,15.304166666666667,23.8,6.7
2021-10-21,18.245833333333334,24.6,12.3
2021-10-22,18.70625,26.7,13.5
2021-10-23,12.997916666666667,15.4,11.4
2021-10-24,11.464583333333332,14.8,8.5
2021-10-25,11.597916666666668,15.7,8.6
2021-10-26,12.0875,20.4,3.0
2021-10-27,17.233333333333334,25.7,6.9
2021-10-28,17.71896551724138,26.7,13.8
2021-10-29,13.911475409836067,22.0,8.4
2021-10-30,10.077083333333333,14.4,4.8
2021-10-31,13.104166666666666,20.5,5.1
2021-11-01,16.08125,24.8,6.5
2021-11-02,20.027083333333334,28.6,9.2
2021-11-03,20.287499999999998,24.2,14.8
2021-11-04,14.975,20.0,12.1
2021-11-05,18.185416666666665,24.5,11.8
2021-11-06,20.400000000000002,26.2,15.5
2021-11-07,14.135416666666666,16.7,12.0
2021-11-08,13.456249999999999,17.3,10.6
2021-11-09,13.502083333333333,20.2,4.9
2021-11-10,12.177083333333334,14.5,8.9
2021-11-11,11.697916666666666,16.8,6.8
2021-11-12,11.497916666666667,13.6,9.9
2021-11-13,11.277999999999999,13.8,8.8
2021-11-14,10.648214285714285,14.8,6.0
2021-11-15,10.13265306122449,12.8,7.5
2021-11-16,10.629166666666666,14.9,6.4
2021-11-17,14.379166666666668,19.9,10.2
2021-11-18,17.570588235294117,25.7,8.1
2021-11-19,14.754166666666665,16.9,12.4
2021-11-20,13.704166666666666,17.1,9.9
2021-11-21,13.643749999999999,18.3,9.3
2021-11-22,15.706249999999999,22.7,8.7
2021-11-23,19.816666666666666,25.3,12.9
2021-11-24,20.314583333333335,27.6,15.9
2021-11-25,15.010416666666666,16.3,13.3
2021-11-26,15.151020408163264,19.6,12.0
2021-11-27,15.487499999999999,21.2,10.0
2021-11-28,15.927083333333334,23.5,6.9
2021-11-29,19.316666666666666,28.8,9.1
2021-11-30,22.24791666666667,31.7,11.7
2021-12-01,21.826,31.7,15.0
2021-12-02,21.311764705882354,32.7,13.7
2021-12-03,15.660416666666668,20.5,11.2
2021-12-04,14.652083333333335,19.3,11.3
2021-12-05,14.793750000000001,21.5,8.3
2021-12-06,20.185416666666665,28.1,10.5
2021-12-07,14.35,18.6,10.8
2021-12-08,12.597999999999999,17.4,6.4
2021-12-09,13.80625,16.6,11.5
2021-12-10,15.133333333333333,19.1,12.1
2021-12-11,16.58125,22.5,11.5
2021-12-12,18.620833333333334,28.6,7.8
2021-12-13,22.112244897959183,32.4,12.3
2021-12-14,18.8,23.6,15.3
2021-12-15,15.814583333333333,17.2,13.9
2021-12-16,16.072916666666668,21.9,10.4
2021-12-17,20.072916666666668,30.6,7.2
2021-12-18,23.726530612244897,34.1,16.5
2021-12-19,17.098181818181818,22.9,13.3
2021-12-20,18.708333333333332,29.0,10.9
2021-12-21,18.977083333333333,27.0,12.2
2021-12-22,17.145833333333332,21.7,13.4
2021-12-23,16.570833333333333,22.0,10.8
2021-12-24,19.724999999999998,29.8,10.0
2021-12-25,18.495833333333334,23.4,15.1
2021-12-26,15.660416666666668,18.3,13.1
2021-12-27,17.072916666666668,23.5,12.9
2021-12-28,17.41875,25.0,9.9
2021-12-29,18.379166666666666,26.8,10.4
2021-12-30,23.139583333333334,35.1,13.0
2021-12-31,28.0125,38.2,15.1
2022-01-01,27.453061224489797,38.6,18.1
2022-01-02,23.827083333333334,33.3,18.4
2022-01-03,18.770833333333332,23.9,15.8
2022-01-04,19.587500000000002,23.8,15.2
2022-01-05,23.396,28.8,19.1
2022-01-06,23.728571428571428,31.2,16.8
2022-01-07,21.867346938775512,27.8,18.0
2022-01-08,18.152083333333334,21.5,16.8
2022-01-09,19.243750000000002,25.1,15.4
2022-01-10,23.327083333333334,34.4,14.3
2022-01-11,24.239583333333332,31.3,18.3
2022-01-12,23.489583333333332,31.7,16.0
2022-01-13,25.579166666666666,36.1,16.2
2022-01-14,25.620833333333334,32.7,19.3
2022-01-15,20.835416666666667,26.0,18.1
2022-01-16,24.650000000000002,34.5,17.4
2022-01-17,20.979166666666668,25.6,16.8
2022-01-18,18.55,24.0,15.3
2022-01-19,20.227083333333333,28.4,13.4
2022-01-20,21.4375,31.1,11.5
2022-01-21,24.12708333333333,32.9,14.6
2022-01-22,25.49791666666667,34.7,14.8
2022-01-23,26.527083333333334,35.1,16.9
2022-01-24,27.741666666666664,36.7,18.8
2022-01-25,27.683333333333334,35.1,19.6
2022-01-26,27.433333333333334,37.7,18.9
2022-01-27,26.018367346938778,32.3,20.1
2022-01-28,24.846,33.9,19.7
2022-01-29,19.195833333333333,21.9,16.9
2022-01-30,23.416666666666668,30.0,18.6
2022-01-31,26.368750000000002,34.1,20.0
2022-02-01,20.665306122448982,25.1,13.8
2022-02-02,16.055102040816326,19.4,13.9
2022-02-03,15.358333333333334,18.4,12.7
2022-02-04,17.818749999999998,25.4,9.6
2022-02-05,19.695833333333333,27.2,11.2
2022-02-06,21.058333333333334,29.5,12.6
2022-02-07,21.462500000000002,29.7,12.8
2022-02-08,22.400000000000002,31.7,12.9
2022-02-09,21.538,31.5,16.4
2022-02-10,19.764583333333334,25.1,16.5
2022-02-11,18.324489795918367,23.6,14.5
2022-02-12,20.833333333333332,29.7,12.3
2022-02-13,24.554166666666664,32.4,14.9
2022-02-14,23.39591836734694,34.0,15.8
2022-02-15,20.139583333333334,24.9,17.4
2022-02-16,20.2,26.9,15.5
2022-02-17,19.960416666666667,24.8,16.3
2022-02-18,17.420833333333334,21.9,14.4
2022-02-19,17.985416666666666,24.5,11.5
2022-02-20,17.977083333333333,29.8,10.2
2022-02-21,16.597916666666666,21.7,12.7
2022-02-22,17.520833333333332,25.2,11.2
2022-02-23,23.020833333333332,35.2,13.1
2022-02-24,21.329166666666666,26.2,18.4
2022-02-25,19.618750000000002,23.7,17.2
2022-02-26,21.902083333333334,30.2,15.7
2022-02-27,20.177083333333332,26.9,14.3
2022-02-28,20.983333333333334,25.3,17.8
2022-03-01,21.78125,27.0,19.2
2022-03-02,23.304166666666664,30.1,19.2
2022-03-03,23.652083333333334,31.9,16.0
2022-03-04,23.93541666666667,32.7,15.7
2022-03-05,18.85625,21.7,16.5
2022-03-06,17.910416666666666,22.2,15.4
2022-03-07,18.970833333333335,25.0,13.7
2022-03-08,17.818749999999998,21.6,14.8
2022-03-09,17.14375,23.5,13.7
2022-03-10,15.714583333333332,22.0,10.1
2022-03-11,15.129166666666668,21.2,8.2
2022-03-12,16.027083333333334,23.8,8.2
2022-03-13,21.027083333333334,29.6,12.2
2022-03-14,21.758333333333336,29.7,15.2
2022-03-15,21.46875,27.2,17.1
2022-03-16,19.150000000000002,22.4,16.9
2022-03-17,20.935416666666665,28.3,14.6
2022-03-18,19.2625,23.2,14.6
2022-03-19,20.202173913043477,30.2,10.8
2022-03-20,20.13695652173913,29.0,14.7
2022-03-21,21.489583333333332,30.8,17.1
2022-03-22,18.304255319148936,23.5,15.4
2022-03-23,15.825531914893617,19.6,11.8
2022-03-24,16.058333333333334,22.0,12.7
2022-03-25,15.239583333333334,21.6,8.6
2022-03-26,16.620833333333334,25.7,8.2
2022-03-27,19.900000000000002,29.1,11.0
2022-03-28,18.429166666666667,24.6,14.2
2022-03-29,16.722916666666666,21.4,12.6
2022-03-30,16.716666666666665,21.0,14.0
2022-03-31,15.472916666666668,21.4,11.0
2022-04-01,14.864583333333334,19.7,11.7
2022-04-02,14.979166666666666,17.0,13.0
2022-04-03,15.277083333333332,17.5,13.6
2022-04-04,15.633333333333333,17.7,13.8
2022-04-05,14.839583333333332,20.6,10.0
2022-04-06,16.758333333333333,22.5,13.8
2022-04-07,16.016666666666666,23.6,9.4
2022-04-08,17.566666666666666,24.3,11.3
2022-04-09,18.879166666666666,24.6,14.6
2022-04-10,20.099999999999998,26.2,13.6
2022-04-11,15.491666666666667,19.0,11.6
2022-04-12,13.835416666666667,16.8,11.0
2022-04-13,15.370833333333332,22.1,10.7
2022-04-14,15.933333333333332,24.4,7.8
2022-04-15,18.033333333333335,25.5,11.2
2022-04-16,20.058333333333334,28.5,13.8
2022-04-17,20.875999999999998,27.8,12.0
2022-04-18,16.247916666666665,17.6,15.0
2022-04-19,13.68125,15.4,10.2
2022-04-20,12.75625,19.0,7.2
2022-04-21,13.552083333333334,16.3,11.8
2022-04-22,12.120833333333332,18.4,6.1
2022-04-23,11.841666666666667,19.7,5.3
2022-04-24,12.112499999999999,19.4,6.8
2022-04-25,13.139583333333334,23.5,5.4
2022-04-26,15.31875,22.3,7.6
2022-04-27,16.95625,20.8,13.1
2022-04-28,18.002083333333335,20.9,15.7
2022-04-29,18.383333333333333,20.9,14.7
2022-04-30,14.046938775510203,17.6,10.6
